"관리기관명",소재지도로명주소,소재지지번주소,설치목적구분,카메라대수,카메라화소수,촬영방면정보,보관일수,설치년월,관리기관전화번호,위도,경도,데이터기준일자
"서울특별시 종로구청",서울특별시 종로구 지봉로5길 5,서울특별시 종로구 창신동 237,다목적,3,200,360도전방면,30,2015-12,02-2148-4301,37.574241,127.015142,2018-02-09
"서울특별시 종로구청",서울특별시 종로구 창신4가길 18,서울특별시 종로구 창신동 647-9,생활방범,3,200,360도전방면,30,2015-12,02-2148-4301,37.5744464,127.010299,2018-02-09
"서울특별시 종로구청",서울특별시 종로구 창신11길 26,서울특별시 종로구 창신동 23-557,생활방범,3,200,360도전방면,30,2015-12,02-2148-4301,37.578591,127.010297,2018-02-09
"서울특별시 종로구청",서울특별시 종로구 지봉로5길 43,서울특별시 종로구 창신동 114-2,생활방범,2,200,360도전방면,30,2015-12,02-2148-4301,37.575634,127.013983,2018-02-09
"서울특별시 종로구청",서울특별시 종로구 지봉로 100-16,서울특별시 종로구 숭인동 11-2,생활방범,3,200,360도전방면,30,2015-12,02-2148-4301,37.579356,127.015745,2018-02-09
"서울특별시 종로구청",서울특별시 종로구 동망산1길 13,서울특별시 종로구 숭인동 32-26,생활방범,3,200,360도전방면,30,2015-12,02-2148-4301,37.578975,127.017701,2018-02-09
"서울특별시 종로구청",서울특별시 종로구 지봉로12가길 54,서울특별시 종로구 숭인동 70-12,생활방범,3,200,360도전방면,30,2015-12,02-2148-4301,37.574895,127.016835,2018-02-09
"서울특별시 종로구청",서울특별시 종로구 종로 351-6,서울특별시 종로구 숭인동 97,생활방범,3,200,360도전방면,30,2015-12,02-2148-4301,37.573615,127.016547,2018-02-09
"서울특별시 종로구청",서울특별시 종로구 종로57길 5-4,서울특별시 종로구 숭인동 100-1,생활방범,1,200,카메라 전면(고정),30,2015-12,02-2148-4301,37.573557,127.016691,2018-02-09
"서울특별시 종로구청",서울특별시 종로구 숭인동1가길 28,서울특별시 종로구 숭인동 672,생활방범,4,200,360도전방면,30,2015-12,02-2148-4301,37.5778201,127.021516,2018-02-09
"서울특별시 종로구청",서울특별시 종로구 창경궁로31길 22,서울특별시 종로구 명륜2가 159-3,생활방범,1,200,카메라 전면(고정),30,2015-12,02-2148-4301,37.584274,126.998603,2018-02-09
"서울특별시 종로구청",서울특별시 종로구 숭인동1다길 23-4,서울특별시 종로구 숭인동 181-152,생활방범,4,200,360도전방면,30,2015-12,02-2148-4301,37.577001,127.018902,2018-02-09
"서울특별시 종로구청",서울특별시 종로구 지봉로5길 7-5,서울특별시 종로구 창신동 222-8,생활방범,3,200,카메라 전면(고정),30,2015-12,02-2148-4301,37.573614,127.014415,2018-02-09
"서울특별시 종로구청",서울특별시 종로구 동순라길 78-3,서울특별시 종로구 원남동 265,생활방범,3,200,360도전방면,30,2015-12,02-2148-4301,37.574079,126.996355,2018-02-09
"서울특별시 종로구청",서울특별시 종로구 보문로3길 11,서울특별시 종로구 숭인동 1147,생활방범,3,200,360도전방면,30,2015-12,02-2148-4301,37.576571,127.022696,2018-02-09
"서울특별시 종로구청",서울특별시 종로구 홍지문길 28,서울특별시 종로구 홍지동 69-3,생활방범,4,200,360도전방면,30,2015-12,02-2148-4301,37.6016577,126.957049,2018-02-09
"서울특별시 종로구청",서울특별시 종로구 지봉로7길 23,서울특별시 종로구 창신동 67,생활방범,3,200,360도전방면,30,2015-12,02-2148-4301,37.5753611,127.015225,2018-02-09
"서울특별시 종로구청",서울특별시 종로구 사직로1마길 2-6,서울특별시 종로구 행촌동 210-174,생활방범,4,200,360도전방면,30,2015-12,02-2148-4301,37.574248,126.962736,2018-02-09
"서울특별시 종로구청",서울특별시 종로구 사직로1다길 11,서울특별시 종로구 행촌동 210-333,생활방범,1,200,카메라 전면(고정),30,2017-09,02-2148-4301,37.574215,126.962871,2018-02-09
"서울특별시 종로구청",서울특별시 종로구 자하문로42길 57,서울특별시 종로구 신영동 158-5,생활방범,3,200,360도전방면,30,2015-12,02-2148-4301,37.600351,126.962784,2018-02-09
"서울특별시 종로구청",서울특별시 종로구 백석동길 259,서울특별시 종로구 부암동 151,생활방범,3,200,360도전방면,30,2015-12,02-2148-4301,37.597277,126.966233,2018-02-09
"서울특별시 종로구청",서울특별시 종로구 명륜3길 10,서울특별시 종로구 명륜3가 1-28,생활방범,3,200,360도전방면,30,2015-12,02-2148-4301,37.588888,126.994202,2018-02-09
"서울특별시 종로구청",서울특별시 종로구 성균관로13길 13,서울특별시 종로구 명륜1가 7-2,생활방범,4,200,360도전방면,30,2015-12,02-2148-4301,37.589798,126.9969789,2018-02-09
"서울특별시 종로구청",서울특별시 종로구 옥인6길 39,서울특별시 종로구 누상동 166-16,생활방범,2,200,360도전방면,30,2013-12,02-2148-4301,37.5803648,126.9648476,2018-02-09
"서울특별시 종로구청",서울특별시 종로구 옥인6길 23,서울특별시 종로구 누상동 166-125,생활방범,2,200,360도전방면,30,2013-12,02-2148-4301,37.580918,126.964765,2018-02-09
"서울특별시 종로구청",서울특별시 종로구 옥인6길 32,서울특별시 종로구 누상동 166-214,생활방범,1,200,카메라 전면(고정),30,2013-12,02-2148-4301,37.580905,126.964573,2018-02-09
"서울특별시 종로구청",서울특별시 종로구 옥인3길 32-1,서울특별시 종로구 누상동 166-3,생활방범,3,200,360도전방면,30,2013-12,02-2148-4301,37.5799517,126.9656944,2018-02-09
"서울특별시 종로구청",서울특별시 종로구 옥인길 40,서울특별시 종로구 옥인동 171-1,생활방범,4,200,360도전방면,30,2012-02,02-2148-4301,37.581068,126.966577,2018-02-09
"서울특별시 종로구청",서울특별시 종로구 필운대로5나길 26,서울특별시 종로구 누상동 80,생활방범,2,200,360도전방면,30,2011-04,02-2148-4301,37.5800658,126.9669432,2018-02-09
"서울특별시 종로구청",서울특별시 종로구 필운대로5나길 26,서울특별시 종로구 누상동 80,생활방범,1,41,카메라 전면(고정),30,2011-04,02-2148-4301,37.5800658,126.9669432,2018-02-09
"서울특별시 종로구청",서울특별시 종로구 자하문로23길 19,서울특별시 종로구 신교동 17-47,생활방범,3,200,360도전방면,30,2013-12,02-2148-4301,37.583301,126.969177,2018-02-09
"서울특별시 종로구청",서울특별시 종로구 필운대로 116,서울특별시 종로구 신교동 59,생활방범,2,200,360도전방면,30,2013-12,02-2148-4301,37.5837314,126.9701915,2018-02-09
"서울특별시 종로구청",서울특별시 종로구 필운대로13길 17-1,서울특별시 종로구 신교동 2-20,생활방범,2,200,360도전방면,30,2013-12,02-2148-4301,37.5849689,126.9666258,2018-02-09
"서울특별시 종로구청",서울특별시 종로구 옥인6가길 8,서울특별시 종로구 누상동 166-114,생활방범,3,200,360도전방면,30,2013-12,02-2148-4301,37.5815663,126.964933,2018-02-09
"서울특별시 종로구청",서울특별시 종로구 자하문로14길 13,서울특별시 종로구 창성동 98-2,생활방범,2,200,360도전방면,30,2013-12,02-2148-4301,37.5806947,126.9716901,2018-02-09
"서울특별시 종로구청",서울특별시 종로구 자하문로30길 15,서울특별시 종로구 청운동 82,생활방범,3,200,360도전방면,30,2013-12,02-2148-4301,37.5855045,126.9707093,2018-02-09
"서울특별시 종로구청",서울특별시 종로구 자하문로33다길 28,서울특별시 종로구 청운동 52-50,생활방범,2,200,360도전방면,30,2013-12,02-2148-4301,37.5874034,126.9669442,2018-02-09
"서울특별시 종로구청",서울특별시 종로구 자하문로33가길 6,서울특별시 종로구 청운동 52-6,생활방범,2,200,360도전방면,30,2013-12,02-2148-4301,37.5866397,126.9684822,2018-02-09
"서울특별시 종로구청",서울특별시 종로구 자하문로33가길 27,서울특별시 종로구 청운동 53-76,생활방범,2,200,360도전방면,30,2011-04,02-2148-4301,37.5875512,126.9682904,2018-02-09
"서울특별시 종로구청",서울특별시 종로구 자하문로33가길 27,서울특별시 종로구 청운동 53-76,생활방범,1,41,카메라 전면(고정),30,2011-04,02-2148-4301,37.5875512,126.9682904,2018-02-09
"서울특별시 종로구청",서울특별시 종로구 자하문로33길 2,서울특별시 종로구 청운동 59-1,생활방범,2,200,360도전방면,30,2011-04,02-2148-4301,37.5861563,126.969818,2018-02-09
"서울특별시 종로구청",서울특별시 종로구 자하문로33가길 27,서울특별시 종로구 청운동 59-1,생활방범,1,41,카메라 전면(고정),30,2011-04,02-2148-4301,37.5874392,126.969818,2018-02-09
"서울특별시 종로구청",서울특별시 종로구 자하문로9길 29,서울특별시 종로구 누하동 217,생활방범,3,200,360도전방면,30,2011-04,02-2148-4301,37.5793889,126.9696358,2018-02-09
"서울특별시 종로구청",서울특별시 종로구 자하문로15길 26,서울특별시 종로구 통인동 31-25,생활방범,2,200,360도전방면,30,2013-12,02-2148-4301,37.5806769,126.9694099,2018-02-09
"서울특별시 종로구청",서울특별시 종로구 계동4길 19,서울특별시 종로구 계동 34-1,생활방범,1,200,카메라 전면(고정),30,2015-12,02-2148-4301,37.582416,126.987961,2018-02-09
"서울특별시 종로구청",서울특별시 종로구 종로53길 22-4,서울특별시 종로구 창신동 197-27,생활방범,3,200,360도전방면,30,2015-12,02-2148-4301,37.573496,127.013926,2018-02-09
"서울특별시 종로구청",서울특별시 종로구 자하문로4길 14-14,서울특별시 종로구 통의동 35-44,생활방범,3,200,360도전방면,30,2015-12,02-2148-4301,37.5769824,126.9727589,2018-02-09
"서울특별시 종로구청",서울특별시 종로구 자하문로4길 14-8,서울특별시 종로구 통의동 35-45,생활방범,1,200,카메라 전면(고정),30,2015-12,02-2148-4301,37.577049,126.972905,2018-02-09
"서울특별시 종로구청",서울특별시 종로구 옥인5길 7,서울특별시 종로구 옥인동 180,생활방범,3,200,360도전방면,30,2015-12,02-2148-4301,37.582428,126.964806,2018-02-09
"서울특별시 종로구청",서울특별시 종로구 경희궁3나길 2,서울특별시 종로구 사직동 311-6,생활방범,4,200,360도전방면,30,2015-12,02-2148-4301,37.573822,126.967213,2018-02-09
"서울특별시 종로구청",서울특별시 종로구 창경궁로26길 28,서울특별시 종로구 명륜4가 206-24,생활방범,3,200,360도전방면,30,2015-12,02-2148-4301,37.581804,126.999172,2018-02-09
"서울특별시 종로구청",서울특별시 종로구 창신11길 61,서울특별시 종로구 창신동 23-470,생활방범,3,200,360도전방면,30,2015-12,02-2148-4301,37.577274,127.011564,2018-02-09
"서울특별시 종로구청",서울특별시 종로구 혜화로8길 4,서울특별시 종로구 혜화동 16-7,생활방범,4,200,360도전방면,30,2015-12,02-2148-4301,37.587898,127.0000974,2018-02-09
"서울특별시 종로구청",서울특별시 종로구 동숭4길 17,서울특별시 종로구 동숭동 10,생활방범,2,200,360도전방면,30,2015-12,02-2148-4301,37.5835116,127.004644,2018-02-09
"서울특별시 종로구청",서울특별시 종로구 창덕궁4길 40,서울특별시 종로구 원서동 76-42,생활방범,3,200,360도전방면,30,2015-12,02-2148-4301,37.582532,126.988169,2018-02-09
"서울특별시 종로구청",서울특별시 종로구 율곡로8길 37,서울특별시 종로구 와룡동 42,생활방범,3,200,360도전방면,30,2015-12,02-2148-4301,37.575663,126.990911,2018-02-09
"서울특별시 종로구청",서울특별시 종로구 자하문로5길 35,서울특별시 종로구 필운동 176-1,생활방범,2,200,360도전방면,30,2015-12,02-2148-4301,37.577797,126.969932,2018-02-09
"서울특별시 종로구청",서울특별시 종로구 비봉2길 32,서울특별시 종로구 구기동 138-1,생활방범,3,200,360도전방면,30,2015-12,02-2148-4301,37.612496,126.958917,2018-02-09
"서울특별시 종로구청",서울특별시 종로구 평창6길 18,서울특별시 종로구 평창동 489-1,생활방범,3,200,360도전방면,30,2015-12,02-2148-4301,37.614664,126.9711214,2018-02-09
"서울특별시 종로구청",서울특별시 종로구 종로63다길 20,서울특별시 종로구 숭인동 72-24,생활방범,3,200,360도전방면,30,2015-12,02-2148-4301,37.574054,127.017678,2018-02-09
"서울특별시 종로구청",서울특별시 종로구 종로63길 5,서울특별시 종로구 숭인동 72-11,생활방범,4,200,360도전방면,30,2015-12,02-2148-4301,37.574376,127.018632,2018-02-09
"서울특별시 종로구청",서울특별시 종로구 종로63가길 22,서울특별시 종로구 숭인동 178-178,생활방범,2,200,360도전방면,30,2015-12,02-2148-4301,37.575206,127.019111,2018-02-09
"서울특별시 종로구청",서울특별시 종로구 종로63가길 17,서울특별시 종로구 숭인동 72-168,생활방범,1,200,카메라 전면(고정),30,2015-12,02-2148-4301,37.574916,127.0189984,2018-02-09
"서울특별시 종로구청",서울특별시 종로구 종로63가길 79,서울특별시 종로구 숭인동 181-145,생활방범,2,200,360도전방면,30,2015-12,02-2148-4301,37.577312,127.018672,2018-02-09
"서울특별시 종로구청",서울특별시 종로구 종로63가길 79,서울특별시 종로구 숭인동 181-145,생활방범,1,200,카메라 전면(고정),30,2015-12,02-2148-4301,37.5773962,127.0186482,2018-02-09
"서울특별시 종로구청",서울특별시 종로구 청계천로 291,서울특별시 종로구 창신동 436-79,생활방범,3,200,360도전방면,30,2016-12,02-2148-4301,37.570081,127.009977,2018-02-09
"서울특별시 종로구청",서울특별시 종로구 율곡로13가길 28,서울특별시 종로구 연건동 289-1,생활방범,3,200,360도전방면,30,2016-12,02-2148-4301,37.576772,126.999566,2018-02-09
"서울특별시 종로구청",서울특별시 종로구 자하문로7길 78,서울특별시 종로구 통인동 46-28,생활방범,1,41,카메라 전면(고정),30,2011-04,02-2148-4301,37.5804556,126.9687049,2018-02-09
"서울특별시 종로구청",서울특별시 종로구 자하문로7길 69,서울특별시 종로구 누하동 20,생활방범,1,200,카메라 전면(고정),30,2015-12,02-2148-4301,37.580224,126.969016,2018-02-09
"서울특별시 종로구청",서울특별시 종로구 필운대로9길 5,서울특별시 종로구 옥인동 48,생활방범,3,200,360도전방면,30,2013-12,02-2148-4301,37.5822115,126.9672626,2018-02-09
"서울특별시 종로구청",서울특별시 종로구 필운대로10길 16,서울특별시 종로구 신교동 6-13,생활방범,1,130,360도전방면,30,2011-12,02-2148-4301,37.583654,126.967892,2018-02-09
"서울특별시 종로구청",서울특별시 종로구 필운대로10길 16,서울특별시 종로구 신교동 6-13,생활방범,3,200,카메라 전면(고정),30,2011-12,02-2148-4301,37.583654,126.967892,2018-02-09
"서울특별시 종로구청",서울특별시 종로구 사직로5길 29,서울특별시 종로구 사직동 287,생활방범,2,200,360도전방면,30,2013-12,02-2148-4301,37.5743985,126.9651299,2018-02-09
"서울특별시 종로구청",서울특별시 종로구 사직로5길 9-1,서울특별시 종로구 사직동 280-1,생활방범,2,200,360도전방면,30,2013-12,02-2148-4301,37.574335,126.965637,2018-02-09
"서울특별시 종로구청",서울특별시 종로구 인왕산로1길 29,서울특별시 종로구 사직동 304-36,생활방범,2,200,360도전방면,30,2013-12,02-2148-4301,37.5736182,126.9639237,2018-02-09
"서울특별시 종로구청",서울특별시 종로구 세종대로 141,서울특별시 종로구 태평로1가 68-1,생활방범,2,200,360도전방면,30,2013-12,02-2148-4301,37.568989,126.976456,2018-02-09
"서울특별시 종로구청",서울특별시 종로구 필운대로2길 16,서울특별시 종로구 체부동 104,생활방범,2,200,360도전방면,30,2013-12,02-2148-4301,37.5788121,126.9698937,2018-02-09
"서울특별시 종로구청",서울특별시 종로구 자하문로7길 78,서울특별시 종로구 통인동 46-28,생활방범,3,200,360도전방면,30,2011-04,02-2148-4301,37.5804556,126.9687049,2018-02-09
"서울특별시 종로구청",서울특별시 종로구 자하문로5가길 18,서울특별시 종로구 체부동 23-2,생활방범,2,200,360도전방면,30,2013-12,02-2148-4301,37.578288,126.970797,2018-02-09
"서울특별시 종로구청",서울특별시 종로구 자하문로1길 34,서울특별시 종로구 체부동 213,생활방범,2,200,360도전방면,30,2013-12,02-2148-4301,37.5765137,126.9705457,2018-02-09
"서울특별시 종로구청",서울특별시 종로구 효자로7길 20,서울특별시 종로구 통의동 28-2,생활방범,2,200,360도전방면,30,2013-12,02-2148-4301,37.578604,126.973114,2018-02-09
"서울특별시 종로구청",서울특별시 종로구 자하문로8길 9,서울특별시 종로구 통의동 98,생활방범,2,200,360도전방면,30,2013-12,02-2148-4301,37.578806,126.972181,2018-02-09
"서울특별시 종로구청",서울특별시 종로구 필운대로1길 7-6,서울특별시 종로구 필운동 32-2,생활방범,2,200,360도전방면,30,2013-12,02-2148-4301,37.5771619,126.9687502,2018-02-09
"서울특별시 종로구청",서울특별시 종로구 필운대로1길 32,서울특별시 종로구 필운동 44,생활방범,2,200,360도전방면,30,2013-12,02-2148-4301,37.5778375,126.9676754,2018-02-09
"서울특별시 종로구청",서울특별시 종로구 새문안로5길 14-1,서울특별시 종로구 당주동 44-3,생활방범,3,200,360도전방면,30,2013-12,02-2148-4301,37.5715476,126.974912,2018-02-09
"서울특별시 종로구청",서울특별시 종로구 새문안로 105,서울특별시 종로구 세종로 204-1,생활방범,3,200,360도전방면,30,2013-12,02-2148-4301,37.5705079,126.9763061,2018-02-09
"서울특별시 종로구청",서울특별시 종로구 혜화로3길 20,서울특별시 종로구 명륜1가 49,생활방범,1,41,360도전방면,30,2005-12,02-2148-4301,37.586361,126.999203,2018-02-09
"서울특별시 종로구청",서울특별시 종로구 북촌로15길 27,서울특별시 종로구 삼청동 158-18,생활방범,2,200,360도전방면,30,2013-12,02-2148-4301,37.585635,126.983875,2018-02-09
"서울특별시 종로구청",서울특별시 종로구 삼청로9길 45,서울특별시 종로구 삼청동 5,생활방범,2,200,360도전방면,30,2013-12,02-2148-4301,37.588246,126.9807319,2018-02-09
"서울특별시 종로구청",서울특별시 종로구 북촌로11길 74,서울특별시 종로구 삼청동 35-119,생활방범,3,200,360도전방면,30,2013-12,02-2148-4301,37.5839378,126.9832846,2018-02-09
"서울특별시 종로구청",서울특별시 종로구 명륜6길 8-2,서울특별시 종로구 명륜3가 산2-8,생활방범,3,200,360도전방면,30,2016-12,02-2148-4301,37.590078,126.993082,2018-02-09
"서울특별시 종로구청",서울특별시 종로구 창신길 191-27,서울특별시 종로구 창신동 615-124,생활방범,3,200,360도전방면,30,2016-12,02-2148-4301,37.579352,127.008739,2018-02-09
"서울특별시 종로구청",서울특별시 종로구 지봉로12길 9,서울특별시 종로구 숭인동 56-78,생활방범,3,200,360도전방면,30,2016-12,02-2148-4301,37.577074,127.016204,2018-02-09
"서울특별시 종로구청",서울특별시 종로구 숭인동길 53-15,서울특별시 종로구 숭인동 691,생활방범,3,200,360도전방면,30,2016-12,02-2148-4301,37.577381,127.021571,2018-02-09
"서울특별시 종로구청",서울특별시 종로구 사직로5길 36,서울특별시 종로구 사직동 284,생활방범,3,200,360도전방면,30,2016-12,02-2148-4301,37.573993,126.9648706,2018-02-09
"서울특별시 종로구청",서울특별시 종로구 사직로9길 15-25,서울특별시 종로구 사직동 262-197,생활방범,3,200,360도전방면,30,2016-12,02-2148-4301,37.576551,126.965679,2018-02-09
"서울특별시 종로구청",서울특별시 종로구 자하문로40길 19-2,서울특별시 종로구 부암동 208-11,생활방범,3,200,360도전방면,30,2016-12,02-2148-4301,37.595577,126.964732,2018-02-09
"서울특별시 종로구청",서울특별시 종로구 창의문로5나길 2,서울특별시 종로구 부암동 329-21,생활방범,3,200,360도전방면,30,2016-12,02-2148-4301,37.590962,126.9641706,2018-02-09
"서울특별시 종로구청",서울특별시 종로구 평창4길 21-2,서울특별시 종로구 평창동 562-32,생활방범,3,200,360도전방면,30,2016-12,02-2148-4301,37.609613,126.963253,2018-02-09
"서울특별시 종로구청",서울특별시 종로구 평창길 44,서울특별시 종로구 구기동 17-13,생활방범,3,200,360도전방면,30,2016-12,02-2148-4301,37.607636,126.961544,2018-02-09
"서울특별시 종로구청",서울특별시 종로구 성균관로 40,서울특별시 종로구 명륜1가 83-5,생활방범,3,200,360도전방면,30,2016-12,02-2148-4301,37.586529,126.996745,2018-02-09
"서울특별시 종로구청",서울특별시 종로구 평창길 38,서울특별시 종로구 평창동 345-63,생활방범,3,200,360도전방면,30,2016-12,02-2148-4301,37.607083,126.962253,2018-02-09
"서울특별시 종로구청",서울특별시 종로구 진흥로22길 47,서울특별시 종로구 구기동 50-5,생활방범,3,200,360도전방면,30,2016-12,02-2148-4301,37.605996,126.956637,2018-02-09
"서울특별시 종로구청",서울특별시 종로구 평창문화로 72-21,서울특별시 종로구 평창동 192-1,생활방범,3,200,360도전방면,30,2016-12,02-2148-4301,37.606276,126.970315,2018-02-09
"서울특별시 종로구청",서울특별시 종로구 평창3길 13,서울특별시 종로구 평창동 345-32,생활방범,3,200,360도전방면,30,2016-12,02-2148-4301,37.607078,126.964147,2018-02-09
"서울특별시 종로구청",서울특별시 종로구 창덕궁4길 12,서울특별시 종로구 원서동 86-22,생활방범,3,200,360도전방면,30,2016-12,02-2148-4301,37.581889,126.9889912,2018-02-09
"서울특별시 종로구청",서울특별시 종로구 인사동7길 6,서울특별시 종로구 관훈동 197-24,생활방범,3,200,360도전방면,30,2016-12,02-2148-4301,37.573053,126.985715,2018-02-09
"서울특별시 종로구청",서울특별시 종로구 필운대로 33-7,서울특별시 종로구 누하동 179-2,생활방범,3,200,360도전방면,30,2016-12,02-2148-4301,37.579057,126.968326,2018-02-09
"서울특별시 종로구청",서울특별시 종로구 낙산길,서울특별시 종로구 창신동 611-36,생활방범,3,200,360도전방면,30,2016-12,02-2148-4301,37.580234,127.010482,2018-02-09
"서울특별시 종로구청",서울특별시 종로구 백석동2길 35-1,서울특별시 종로구 부암동 61,생활방범,3,200,360도전방면,30,2016-12,02-2148-4301,37.598561,126.970309,2018-02-09
"서울특별시 종로구청",서울특별시 종로구 통일로18가길 39,서울특별시 종로구 무악동 산 2-24,생활방범,3,200,360도전방면,30,2016-12,02-2148-4301,37.577549,126.959971,2018-02-09
"서울특별시 종로구청",서울특별시 종로구 돈화문로5가길 1,서울특별시 종로구 돈의동 137,생활방범,3,200,360도전방면,30,2016-12,02-2148-4301,37.570839,126.991698,2018-02-09
"서울특별시 종로구청",서울특별시 종로구 평창10길 5,서울특별시 종로구 평창동 234-9,생활방범,3,200,360도전방면,30,2016-12,02-2148-4301,37.605437,126.967439,2018-02-09
"서울특별시 종로구청",서울특별시 종로구 북촌로11다길 30,서울특별시 종로구 삼청동 35-63,생활방범,3,200,360도전방면,30,2013-12,02-2148-4301,37.5834412,126.9825954,2018-02-09
"서울특별시 종로구청",서울특별시 종로구 북촌로5나길 11,서울특별시 종로구 화동 25-1,생활방범,2,200,360도전방면,30,2013-12,02-2148-4301,37.581104,126.982183,2018-02-09
"서울특별시 종로구청",서울특별시 종로구 북촌로5가길 12-19,서울특별시 종로구 화동 87-2,생활방범,1,41,카메라 전면(고정),30,2011-04,02-2148-4301,37.5805912,126.9822047,2018-02-09
"서울특별시 종로구청",서울특별시 종로구 윤보선길 10,서울특별시 종로구 안국동 170,생활방범,2,200,360도전방면,30,2013-12,02-2148-4301,37.5766031,126.9843822,2018-02-09
"서울특별시 종로구청",서울특별시 종로구 자하문로40길 6,서울특별시 종로구 부암동 208-40,생활방범,2,200,360도전방면,30,2013-12,02-2148-4301,37.595189,126.963993,2018-02-09
"서울특별시 종로구청",서울특별시 종로구 창의문로 145,서울특별시 종로구 부암동 265-21,생활방범,3,200,360도전방면,30,2013-12,02-2148-4301,37.592786,126.964065,2018-02-09
"서울특별시 종로구청",서울특별시 종로구 백석동1길 2,서울특별시 종로구 부암동 46-1,생활방범,3,200,360도전방면,30,2013-12,02-2148-4301,37.5942485,126.9682826,2018-02-09
"서울특별시 종로구청",서울특별시 종로구 백석동길 232,서울특별시 종로구 부암동 91,생활방범,2,200,360도전방면,30,2013-12,02-2148-4301,37.5980517,126.9670704,2018-02-09
"서울특별시 종로구청",서울특별시 종로구 세검정로7나길 14,서울특별시 종로구 신영동 214-43,생활방범,3,200,360도전방면,30,2013-12,02-2148-4301,37.6037028,126.9599191,2018-02-09
"서울특별시 종로구청",서울특별시 종로구 평창1길 22,서울특별시 종로구 신영동 5-12,생활방범,2,200,360도전방면,30,2013-12,02-2148-4301,37.6051597,126.9626975,2018-02-09
"서울특별시 종로구청",서울특별시 종로구 북촌로11나길 26,서울특별시 종로구 삼청동 35-169,생활방범,2,200,360도전방면,30,2013-12,02-2148-4301,37.5821066,126.9821919,2018-02-09
"서울특별시 종로구청",서울특별시 종로구 자하문로 302-5,서울특별시 종로구 홍지동 103-17,생활방범,2,200,360도전방면,30,2013-12,02-2148-4301,37.5998149,126.959638,2018-02-09
"서울특별시 종로구청",서울특별시 종로구 세검정로 209-16,서울특별시 종로구 홍지동 36-25,생활방범,3,200,360도전방면,30,2013-12,02-2148-4301,37.5993978,126.9560793,2018-02-09
"서울특별시 종로구청",서울특별시 종로구 자하문로 303,서울특별시 종로구 홍지동 126-1,생활방범,2,200,360도전방면,30,2013-12,02-2148-4301,37.5990568,126.9593008,2018-02-09
"서울특별시 종로구청",서울특별시 종로구 창의문로9가길 1,서울특별시 종로구 부암동 382-14,생활방범,1,130,360도전방면,30,2011-12,02-2148-4301,37.592325,126.961303,2018-02-09
"서울특별시 종로구청",서울특별시 종로구 창의문로9가길 1,서울특별시 종로구 부암동 382-14,생활방범,2,200,카메라 전면(고정),30,2011-12,02-2148-4301,37.592325,126.961303,2018-02-09
"서울특별시 종로구청",서울특별시 종로구 평창20길 51,서울특별시 종로구 평창동 139-4,생활방범,3,200,360도전방면,30,2013-12,02-2148-4301,37.6112103,126.970096,2018-02-09
"서울특별시 종로구청",서울특별시 종로구 평창30길 31,서울특별시 종로구 평창동 462-2,생활방범,2,200,360도전방면,30,2013-12,02-2148-4301,37.612514,126.9749041,2018-02-09
"서울특별시 종로구청",서울특별시 종로구 비봉길 48,서울특별시 종로구 구기동 139-11,생활방범,3,200,360도전방면,30,2013-12,02-2148-4301,37.6131269,126.9558748,2018-02-09
"서울특별시 종로구청",서울특별시 종로구 진흥로22나길 19,서울특별시 종로구 구기동 100-49,생활방범,3,200,360도전방면,30,2013-12,02-2148-4301,37.6068093,126.9572184,2018-02-09
"서울특별시 종로구청",서울특별시 종로구 진흥로22나길 56,서울특별시 종로구 구기동 260-14,생활방범,2,200,360도전방면,30,2013-12,02-2148-4301,37.606709,126.955233,2018-02-09
"서울특별시 종로구청",서울특별시 종로구 진흥로 445,서울특별시 종로구 구기동 88-40,생활방범,2,200,360도전방면,30,2013-12,02-2148-4301,37.607717,126.9580944,2018-02-09
"서울특별시 종로구청",서울특별시 종로구 평창11길 20,서울특별시 종로구 평창동 352-4,생활방범,3,200,360도전방면,30,2013-12,02-2148-4301,37.606994,126.966337,2018-02-09
"서울특별시 종로구청",서울특별시 종로구 자하문로13길 14,서울특별시 종로구 통인동 89-24,생활방범,3,200,360도전방면,30,2016-12,02-2148-4301,37.580098,126.970482,2018-02-09
"서울특별시 종로구청",서울특별시 종로구 자하문로41길 13,서울특별시 종로구 부암동 185-19,생활방범,3,200,360도전방면,30,2016-12,02-2148-4301,37.597087,126.961686,2018-02-09
"서울특별시 종로구청",서울특별시 종로구 필운대로1길 49,서울특별시 종로구 필운동 22,생활방범,3,200,360도전방면,30,2016-12,02-2148-4301,37.578029,126.966773,2018-02-09
"서울특별시 종로구청",서울특별시 종로구 홍지문2가길 16,서울특별시 종로구 홍지동 34-15,생활방범,3,200,360도전방면,30,2016-12,02-2148-4301,37.600108,126.954983,2018-02-09
"서울특별시 종로구청",서울특별시 종로구 종로56길 36,서울특별시 종로구 숭인동 317-37,생활방범,3,200,360도전방면,30,2016-12,02-2148-4301,37.571634,127.016626,2018-02-09
"서울특별시 종로구청",서울특별시 종로구 자하문로33길 53,서울특별시 종로구 청운동 56-1,생활방범,3,200,360도전방면,30,2016-12,02-2148-4301,37.586629,126.966821,2018-02-09
"서울특별시 종로구청",서울특별시 종로구 종로65길 9-17,서울특별시 종로구 숭인동 178-83,생활방범,3,200,360도전방면,30,2016-12,02-2148-4301,37.575628,127.019556,2018-02-09
"서울특별시 종로구청",서울특별시 종로구 창신6길 52,서울특별시 종로구 창신동 595-73,생활방범,3,200,360도전방면,30,2016-12,02-2148-4301,37.576498,127.011512,2018-02-09
"서울특별시 종로구청",서울특별시 종로구 종로36길 9,서울특별시 종로구 종로5가 231-14,생활방범,3,200,360도전방면,30,2016-12,02-2148-4301,37.570464,127.003982,2018-02-09
"서울특별시 종로구청",서울특별시 종로구 필운대로9가길 33-2,서울특별시 종로구 옥인동 47-451,생활방범,3,200,360도전방면,30,2016-12,02-2148-4301,37.582994,126.965788,2018-02-09
"서울특별시 종로구청",서울특별시 종로구 율곡로10길 12,서울특별시 종로구 와룡동 21,생활방범,3,200,360도전방면,30,2016-12,02-2148-4301,37.576838,126.990928,2018-02-09
"서울특별시 종로구청",서울특별시 종로구 율곡로19길 29,서울특별시 종로구 이화동 9-28,생활방범,3,200,360도전방면,30,2017-09,02-2148-4301,37.576586,127.006559,2018-02-09
"서울특별시 종로구청",서울특별시 종로구 율곡로19가길 7-6,서울특별시 종로구 충신동 5-22,생활방범,3,200,360도전방면,30,2017-09,02-2148-4301,37.575675,127.005975,2018-02-09
"서울특별시 종로구청",서울특별시 종로구 충신길 53,서울특별시 종로구 충신동 25-14,생활방범,3,200,360도전방면,30,2017-09,02-2148-4301,37.575179,127.0072488,2018-02-09
"서울특별시 종로구청",서울특별시 종로구 율곡로23길 18-1,서울특별시 종로구 충신동 5-69,생활방범,3,200,360도전방면,30,2017-09,02-2148-4301,37.575392,127.006549,2018-02-09
"서울특별시 종로구청",서울특별시 종로구 율곡로29길 10,서울특별시 종로구 종로6가 203-3,생활방범,3,200,360도전방면,30,2017-09,02-2148-4301,37.574112,127.007482,2018-02-09
"서울특별시 종로구청",서울특별시 종로구 낙산성곽서길 5,서울특별시 종로구 종로6가 12-6,생활방범,3,200,360도전방면,30,2017-09,02-2148-4301,37.573102,127.007861,2018-02-09
"서울특별시 종로구청",서울특별시 종로구 율곡로27길 5,서울특별시 종로구 충신동 25-56,생활방범,3,200,360도전방면,30,2017-09,02-2148-4301,37.574398,127.006831,2018-02-09
"서울특별시 종로구청",서울특별시 종로구 성균관로3길 5,서울특별시 종로구 명륜3가 133,생활방범,4,200,360도전방면,30,2017-09,02-2148-4301,37.583611,126.997801,2018-02-09
"서울특별시 종로구청",서울특별시 종로구 명륜7길 36,서울특별시 종로구 명륜3가 1-907,생활방범,3,200,360도전방면,30,2017-09,02-2148-4301,37.590283,126.994835,2018-02-09
"서울특별시 종로구청",서울특별시 종로구 명륜7길 40,서울특별시 종로구 명륜3가 1-907,생활방범,1,200,360도전방면,30,2017-09,02-2148-4301,37.5902577,126.995073,2018-02-09
"서울특별시 종로구청",서울특별시 종로구 명륜3길 49-4,서울특별시 종로구 명륜3가 1-871,생활방범,3,200,360도전방면,30,2017-09,02-2148-4301,37.589744,126.992554,2018-02-09
"서울특별시 종로구청",서울특별시 종로구 명륜7길 14,서울특별시 종로구 명륜3가 1-984,생활방범,3,200,360도전방면,30,2017-09,02-2148-4301,37.590458,126.993872,2018-02-09
"서울특별시 종로구청",서울특별시 종로구 평창길 329,서울특별시 종로구 평창동 437-6,생활방범,3,200,360도전방면,30,2013-12,02-2148-4301,37.6134556,126.9781151,2018-02-09
"서울특별시 종로구청",서울특별시 종로구 평창7길 29,서울특별시 종로구 평창동 445-2,생활방범,3,200,360도전방면,30,2013-12,02-2148-4301,37.6165528,126.9756917,2018-02-09
"서울특별시 종로구청",서울특별시 종로구 평창길 268,서울특별시 종로구 평창동 476-2,생활방범,3,200,360도전방면,30,2013-12,02-2148-4301,37.6147147,126.974348,2018-02-09
"서울특별시 종로구청",서울특별시 종로구 평창길 180-5,서울특별시 종로구 평창동 523-8,생활방범,2,200,360도전방면,30,2013-12,02-2148-4301,37.612555,126.968287,2018-02-09
"서울특별시 종로구청",서울특별시 종로구 평창4길 38,서울특별시 종로구 평창동 564,생활방범,2,200,360도전방면,30,2013-12,02-2148-4301,37.611074,126.962719,2018-02-09
"서울특별시 종로구청",서울특별시 종로구 평창26길 2,서울특별시 종로구 평창동 99-55,생활방범,1,130,360도전방면,30,2011-12,02-2148-4301,37.6104148,126.9742319,2018-02-09
"서울특별시 종로구청",서울특별시 종로구 평창26길 2,서울특별시 종로구 평창동 99-55,생활방범,2,200,카메라 전면(고정),30,2011-12,02-2148-4301,37.6104148,126.9742319,2018-02-09
"서울특별시 종로구청",서울특별시 종로구 평창14길 35,서울특별시 종로구 평창동 131-8,생활방범,1,130,360도전방면,30,2011-12,02-2148-4301,37.6107946,126.9675169,2018-02-09
"서울특별시 종로구청",서울특별시 종로구 평창14길 35,서울특별시 종로구 평창동 131-8,생활방범,3,200,카메라 전면(고정),30,2011-12,02-2148-4301,37.6107946,126.9675169,2018-02-09
"서울특별시 종로구청",서울특별시 종로구 통일로14길 19,서울특별시 종로구 무악동 69-3,생활방범,2,200,360도전방면,30,2013-12,02-2148-4301,37.5754922,126.9578126,2018-02-09
"서울특별시 종로구청",서울특별시 종로구 평창길 23,서울특별시 종로구 평창동 296-19,생활방범,3,200,360도전방면,30,2013-12,02-2148-4301,37.6063344,126.9635698,2018-02-09
"서울특별시 종로구청",서울특별시 종로구 통일로 246-2,서울특별시 종로구 무악동 45-47,생활방범,2,200,360도전방면,30,2013-12,02-2148-4301,37.5744338,126.9582443,2018-02-09
"서울특별시 종로구청",서울특별시 종로구 통일로12길 23,서울특별시 종로구 무악동 46-82,생활방범,2,200,360도전방면,30,2013-12,02-2148-4301,37.573805,126.960502,2018-02-09
"서울특별시 종로구청",서울특별시 종로구 통일로12길 92-1,서울특별시 종로구 무악동 46-263,생활방범,3,200,360도전방면,30,2013-12,02-2148-4301,37.576465,126.961964,2018-02-09
"서울특별시 종로구청",서울특별시 종로구 통일로16길 13,서울특별시 종로구 무악동 63-6,생활방범,2,200,360도전방면,30,2013-12,02-2148-4301,37.576459,126.956638,2018-02-09
"서울특별시 종로구청",서울특별시 종로구 사직로2길 8,서울특별시 종로구 행촌동 1-146,생활방범,3,200,360도전방면,30,2013-12,02-2148-4301,37.572669,126.964226,2018-02-09
"서울특별시 종로구청",서울특별시 종로구 송월1길 71,서울특별시 종로구 행촌동 1-78,생활방범,3,200,360도전방면,30,2013-12,02-2148-4301,37.572862,126.965167,2018-02-09
"서울특별시 종로구청",서울특별시 종로구 사직로1다길 2,서울특별시 종로구 행촌동 171-112,생활방범,4,200,360도전방면,30,2013-12,02-2148-4301,37.5737506,126.9625347,2018-02-09
"서울특별시 종로구청",서울특별시 종로구 사직로1길 12,서울특별시 종로구 행촌동 171-42,생활방범,3,200,360도전방면,30,2013-12,02-2148-4301,37.572896,126.962546,2018-02-09
"서울특별시 종로구청",서울특별시 종로구 사직로1라길 30,서울특별시 종로구 행촌동 210-488,생활방범,2,200,360도전방면,30,2013-12,02-2148-4301,37.5751794,126.9624265,2018-02-09
"서울특별시 종로구청",서울특별시 종로구 사직로1나길 43,서울특별시 종로구 행촌동 210-67,생활방범,3,200,360도전방면,30,2013-12,02-2148-4301,37.575102,126.962929,2018-02-09
"서울특별시 종로구청",서울특별시 종로구 송월1길 46,서울특별시 종로구 홍파동 2-3,생활방범,1,130,360도전방면,30,2011-12,02-2148-4301,37.5717861,126.9650111,2018-02-09
"서울특별시 종로구청",서울특별시 종로구 송월1길 46,서울특별시 종로구 홍파동 2-3,생활방범,3,200,카메라 전면(고정),30,2011-12,02-2148-4301,37.5717861,126.9650111,2018-02-09
"서울특별시 종로구청",서울특별시 종로구 혜화로6길 32,서울특별시 종로구 혜화동 22-24,생활방범,3,200,360도전방면,30,2017-09,02-2148-4301,37.588087,127.001279,2018-02-09
"서울특별시 종로구청",서울특별시 종로구 혜화로 2,서울특별시 종로구 혜화동 108-1,생활방범,4,200,360도전방면,30,2017-09,02-2148-4301,37.586045,127.000817,2018-02-09
"서울특별시 종로구청",서울특별시 종로구 백석동길 75,서울특별시 종로구 부암동 29-12,생활방범,3,200,360도전방면,30,2017-09,02-2148-4301,37.594173,126.968669,2018-02-09
"서울특별시 종로구청",서울특별시 종로구 백석동길 40,서울특별시 종로구 부암동 48-4,생활방범,3,200,360도전방면,30,2017-09,02-2148-4301,37.593933,126.966783,2018-02-09
"서울특별시 종로구청",서울특별시 종로구 백석동길 20-3,서울특별시 종로구 부암동 48-35,생활방범,3,200,360도전방면,30,2017-09,02-2148-4301,37.593207,126.966545,2018-02-09
"서울특별시 종로구청",서울특별시 종로구 창의문로 143-10,서울특별시 종로구 부암동 265-5,생활방범,3,200,360도전방면,30,2017-09,02-2148-4301,37.592184,126.964362,2018-02-09
"서울특별시 종로구청",서울특별시 종로구 창의문로3길 8,서울특별시 종로구 부암동 253,생활방범,3,200,360도전방면,30,2017-09,02-2148-4301,37.592278,126.965679,2018-02-09
"서울특별시 종로구청",서울특별시 종로구 창의문로5나길 11,서울특별시 종로구 부암동 332-13,생활방범,3,200,360도전방면,30,2017-09,02-2148-4301,37.591527,126.964637,2018-02-09
"서울특별시 종로구청",서울특별시 종로구 인왕산로1길 66,서울특별시 종로구 행촌동 210-490,생활방범,3,200,360도전방면,30,2017-09,02-2148-4301,37.576073,126.962371,2018-02-09
"서울특별시 종로구청",서울특별시 종로구 통일로12길 30-23,서울특별시 종로구 행촌동 210-678,생활방범,3,200,360도전방면,30,2017-09,02-2148-4301,37.573879,126.961071,2018-02-09
"서울특별시 종로구청",서울특별시 종로구 혜화로12길 14-9,서울특별시 종로구 혜화동 13-10,생활방범,3,200,360도전방면,30,2017-09,02-2148-4301,37.589444,127.000588,2018-02-09
"서울특별시 종로구청",서울특별시 종로구 사직로1길 22-13,서울특별시 종로구 행촌동 171-94,생활방범,3,200,360도전방면,30,2017-09,02-2148-4301,37.573405,126.962951,2018-02-09
"서울특별시 종로구청",서울특별시 종로구 송월1길 44-30,서울특별시 종로구 행촌동 1-46,생활방범,3,200,360도전방면,30,2017-09,02-2148-4301,37.572423,126.965298,2018-02-09
"서울특별시 종로구청",서울특별시 종로구 명륜3길 49-11,서울특별시 종로구 명륜3가 1-240,생활방범,3,200,360도전방면,30,2017-09,02-2148-4301,37.589542,126.992255,2018-02-09
"서울특별시 종로구청",서울특별시 종로구 명륜3길 41,서울특별시 종로구 명륜3가 1-236,생활방범,3,200,360도전방면,30,2017-09,02-2148-4301,37.589695,126.9928000,2018-02-09
"서울특별시 종로구청",서울특별시 종로구 명륜9길 22,서울특별시 종로구 명륜3가 1-1005,생활방범,2,200,360도전방면,30,2017-09,02-2148-4301,37.591081,126.994025,2018-02-09
"서울특별시 종로구청",서울특별시 종로구 와룡공원길 192,서울특별시 종로구 명륜3가 산2-14 (와룡공원),생활방범,1,41,360도전방면,30,2011-11,02-2148-4301,37.5911687764,126.990122039,2018-02-09
"서울특별시 종로구청",서울특별시 종로구 와룡공원길 192,서울특별시 종로구 명륜3가 산2-14 (와룡공원),생활방범,1,41,360도전방면,30,2012-08,02-2148-4301,37.591208,126.989959,2018-02-09
"서울특별시 종로구청",서울특별시 종로구 와룡공원길 192,서울특별시 종로구 명륜3가 산2-14 (와룡공원),생활방범,1,41,360도전방면,30,2012-08,02-2148-4301,37.5911687764,126.992858,2018-02-09
"서울특별시 종로구청",서울특별시 종로구 와룡공원길 192,서울특별시 종로구 명륜3가 산2-14 (와룡공원),생활방범,1,41,360도전방면,30,2012-08,02-2148-4301,37.592161,126.996075,2018-02-09
"서울특별시 종로구청",서울특별시 종로구 옥인길,서울특별시 종로구 옥인동 185-3 (수성동계곡),생활방범,1,41,360도전방면,30,2012-02,02-2148-4301,37.582144,126.963700,2018-02-09
"서울특별시 종로구청",서울특별시 종로구 옥인길,서울특별시 종로구 옥인동 185-3 (수성동계곡),생활방범,1,41,360도전방면,30,2012-02,02-2148-4301,37.582513,126.963871,2018-02-09
"서울특별시 종로구청",서울특별시 종로구 경교장길 5,서울특별시 종로구 교남동 7,생활방범,3,200,카메라 전면(고정),30,2011-12,02-2148-4301,37.567387,126.965804,2018-02-09
"서울특별시 종로구청",서울특별시 종로구 북촌로11길 33,서울특별시 종로구 가회동 33-13,생활방범,2,200,360도전방면,30,2013-12,02-2148-4301,37.582327,126.983554,2018-02-09
"서울특별시 종로구청",서울특별시 종로구 계동길 69,서울특별시 종로구 계동 79-7,생활방범,2,200,360도전방면,30,2013-12,02-2148-4301,37.580421,126.986747,2018-02-09
"서울특별시 종로구청",서울특별시 종로구 계동4길 9,서울특별시 종로구 계동 29,생활방범,2,200,360도전방면,30,2013-12,02-2148-4301,37.582238,126.987387,2018-02-09
"서울특별시 종로구청",서울특별시 종로구 창덕궁1가길 26,서울특별시 종로구 원서동 135-108,생활방범,2,200,360도전방면,30,2013-12,02-2148-4301,37.5803635,126.9884401,2018-02-09
"서울특별시 종로구청",서울특별시 종로구 창덕궁길 49,서울특별시 종로구 원서동 129-5,생활방범,2,200,360도전방면,30,2013-12,02-2148-4301,37.5796169,126.9892684,2018-02-09
"서울특별시 종로구청",서울특별시 종로구 창덕궁길 146-1,서울특별시 종로구 원서동 4-11,생활방범,2,200,360도전방면,30,2013-12,02-2148-4301,37.583081,126.987789,2018-02-09
"서울특별시 종로구청",서울특별시 종로구 창덕궁길 118,서울특별시 종로구 원서동 46,생활방범,2,200,360도전방면,30,2013-12,02-2148-4301,37.5825872,126.9893204,2018-02-09
"서울특별시 종로구청",서울특별시 종로구 창덕궁4길 3,서울특별시 종로구 원서동 86-16,생활방범,1,130,360도전방면,30,2012-02,02-2148-4301,37.5816256,126.9891318,2018-02-09
"서울특별시 종로구청",서울특별시 종로구 창덕궁4길 3,서울특별시 종로구 원서동 86-16,생활방범,2,200,카메라 전면(고정),30,2012-02,02-2148-4301,37.5816256,126.9891318,2018-02-09
"서울특별시 종로구청",서울특별시 종로구 경교장길 5,서울특별시 종로구 교남동 7,생활방범,1,130,360도전방면,30,2011-12,02-2148-4301,37.567387,126.965804,2018-02-09
"서울특별시 종로구청",서울특별시 종로구 창덕궁3길 7,서울특별시 종로구 원서동 135-20,생활방범,3,200,360도전방면,30,2013-12,02-2148-4301,37.5812477,126.988776,2018-02-09
"서울특별시 종로구청",서울특별시 종로구 창덕궁3나길 5,서울특별시 종로구 원서동 135-59,생활방범,1,200,카메라 전면(고정),30,2016-12,02-2148-4301,37.581507,126.988509,2018-02-09
"서울특별시 종로구청",서울특별시 종로구 돈화문로9길 10-4,서울특별시 종로구 돈의동 103-118,생활방범,2,200,360도전방면,30,2013-12,02-2148-4301,37.571989,126.990991,2018-02-09
"서울특별시 종로구청",서울특별시 종로구 돈화문로9가길 5-6,서울특별시 종로구 돈의동 103-86,생활방범,3,200,360도전방면,30,2013-12,02-2148-4301,37.572009,126.9905533,2018-02-09
"서울특별시 종로구청",서울특별시 종로구 수표로28길 45,서울특별시 종로구 익선동 160-3,생활방범,3,200,360도전방면,30,2013-12,02-2148-4301,37.573266,126.990771,2018-02-09
"서울특별시 종로구청",서울특별시 종로구 종로30길 9,서울특별시 종로구 예지동 46,생활방범,2,200,360도전방면,30,2013-12,02-2148-4301,37.5700749,126.9970459,2018-02-09
"서울특별시 종로구청",서울특별시 종로구 수표로 89,서울특별시 종로구 관수동 157-1,생활방범,3,200,360도전방면,30,2013-12,02-2148-4301,37.5692068,126.9894584,2018-02-09
"서울특별시 종로구청",서울특별시 종로구 백석동3길 29,서울특별시 종로구 부암동 95-10,생활방범,2,200,360도전방면,30,2013-12,02-2148-4301,37.5972455,126.9674441,2018-02-09
"서울특별시 종로구청",서울특별시 종로구 백석동3길 20,서울특별시 종로구 부암동 95-53,생활방범,2,200,카메라 전면(고정),30,2013-12,02-2148-4301,37.596929,126.966812,2018-02-09
"서울특별시 종로구청",서울특별시 종로구 수표로 130,서울특별시 종로구 낙원동 100-1,생활방범,1,130,360도전방면,30,2012-02,02-2148-4301,37.5727066,126.988635,2018-02-09
"서울특별시 종로구청",서울특별시 종로구 인사동길 20-22,서울특별시 종로구 인사동 34-15,생활방범,3,200,360도전방면,30,2013-12,02-2148-4301,37.572623,126.987428,2018-02-09
"서울특별시 종로구청",서울특별시 종로구 혜화로3길 55,서울특별시 종로구 명륜2가 64-1,생활방범,1,41,360도전방면,30,2005-12,02-2148-4301,37.586056,126.997553,2018-02-09
"서울특별시 종로구청",서울특별시 종로구 옥인길,서울특별시 종로구 옥인동 185-3 (수성동계곡),생활방범,1,41,360도전방면,30,2012-02,02-2148-4301,37.583002,126.962010,2018-02-09
"서울특별시 종로구청",서울특별시 종로구 동망산길 150,서울특별시 종로구 숭인동 58-228 (숭인공원),생활방범,1,41,360도전방면,30,2012-08,02-2148-4301,37.578101,127.017751,2018-02-09
"서울특별시 종로구청",서울특별시 종로구 동망산길 150,서울특별시 종로구 숭인동 58-228 (숭인공원),생활방범,1,41,360도전방면,30,2012-08,02-2148-4301,37.5774818,127.018381,2018-02-09
"서울특별시 종로구청",서울특별시 종로구 동망산길 150,서울특별시 종로구 숭인동 58-228 (숭인공원),생활방범,1,200,360도전방면,30,2012-08,02-2148-4301,37.575513,127.0182146,2018-02-09
"서울특별시 종로구청",서울특별시 종로구 자하문로35길,서울특별시 종로구 청운동 7-6 (인왕산청운공원),생활방범,1,130,360도전방면,30,2012-08,02-2148-4301,37.591294,126.966323,2018-02-09
"서울특별시 종로구청",서울특별시 종로구 자하문로35길,서울특별시 종로구 청운동 7-6 (인왕산청운공원),생활방범,1,130,360도전방면,30,2012-08,02-2148-4301,37.589449,126.965310,2018-02-09
"서울특별시 종로구청",서울특별시 종로구 북악산로 267,서울특별시 종로구 평창동 산6-17 (북악산 팔각정),생활방범,1,130,360도전방면,30,2012-08,02-2148-4301,37.601845,126.981154,2018-02-09
"서울특별시 종로구청",서울특별시 종로구 인왕산로 15,서울특별시 종로구 누상동 산1-38 (인왕산공원 인왕배드민턴장),생활방범,1,200,360도전방면,30,2013-12,02-2148-4301,37.578896,126.9660054,2018-02-09
"서울특별시 종로구청",서울특별시 종로구 옥인6길 26-17,서울특별시 종로구 누상동 산1-3 (인왕산공원 누상지구 체육시설),생활방범,1,200,360도전방면,30,2013-12,02-2148-4301,37.579652,126.964202,2018-02-09
"서울특별시 종로구청",서울특별시 종로구 창의문로 119 (인왕산도시자연공원 윤동주문학관 위),서울특별시 종로구 청운동 3-148 (인왕산공원 윤동주문학관 앞),생활방범,1,200,360도전방면,30,2013-12,02-2148-4301,37.592123,126.967374,2018-02-09
"서울특별시 종로구청",서울특별시 종로구 옥인길,서울특별시 종로구 옥인동 185-3 (수성동계곡),생활방범,1,41,360도전방면,30,2012-02,02-2148-4301,37.582416,126.962273,2018-02-09
"서울특별시 종로구청",서울특별시 종로구 인왕산로1길,서울특별시 종로구 사직동 산1-10 (사직공원 전망대),생활방범,1,200,360도전방면,30,2013-12,02-2148-4301,37.575322,126.963582,2018-02-09
"서울특별시 종로구청",서울특별시 종로구 사직로9길 15-32 (사직공원 경로당 주변),,생활방범,1,200,360도전방면,30,2013-12,02-2148-4301,37.576618,126.9639534,2018-02-09
"서울특별시 종로구청",서울특별시 종로구 새문안로 55 (경희궁공원 쉼터),,생활방범,1,200,360도전방면,30,2013-12,02-2148-4301,37.570144,126.9705312,2018-02-09
"서울특별시 종로구청",서울특별시 종로구 율곡로 283 (동대문성곽공원 사모정 주변),,생활방범,1,200,360도전방면,30,2013-12,02-2148-4301,37.572536,127.008603,2018-02-09
"서울특별시 종로구청",서울특별시 종로구 율곡로 283 (동대문성곽공원 놀이터 주변),,생활방범,1,200,360도전방면,30,2013-12,02-2148-4301,37.573057,127.0088652,2018-02-09
"서울특별시 종로구청",서울특별시 종로구 동망산길 150 (숭인공원 동망정 주변),,생활방범,1,200,360도전방면,30,2013-12,02-2148-4301,37.575664,127.018135,2018-02-09
"서울특별시 종로구청",서울특별시 종로구 송월1길,서울특별시 종로구 송월동 2-1 (월암공원 공원후문 주변),생활방범,1,200,360도전방면,30,2013-12,02-2148-4301,37.5718062,126.9655525,2018-02-09
"서울특별시 종로구청",서울특별시 종로구 송월1길,서울특별시 종로구 송월동 2-1 (월암공원 공원후문 주변),생활방범,1,200,360도전방면,30,2013-12,02-2148-4301,37.5710507,126.9659327,2018-02-09
"서울특별시 종로구청",서울특별시 종로구 율곡로4길 48,서울특별시 종로구 수송동 80-7 (수송공원 중앙광장),생활방범,1,200,360도전방면,30,2013-12,02-2148-4301,37.5738500,126.981121,2018-02-09
"서울특별시 종로구청",서울특별시 종로구 대학로3길 17,서울특별시 종로구 연지동 136-92 (연지1상상어린이공원),생활방범,1,200,360도전방면,30,2014-08,02-2148-4301,37.5741600,127.000968,2018-02-09
"서울특별시 종로구청",서울특별시 종로구 창신길 210-11 (낙산상상어린이공원),,생활방범,1,200,360도전방면,30,2014-08,02-2148-4301,37.5795077,127.0101690,2018-02-09
"서울특별시 종로구청",서울특별시 종로구 돈화문로2길 16,서울특별시 종로구 장사동 212,생활방범,2,200,360도전방면,30,2013-12,02-2148-4301,37.5691801,126.993292,2018-02-09
"서울특별시 종로구청",서울특별시 종로구 혜화로9길 48,서울특별시 종로구 명륜1가 65-1,생활방범,1,41,360도전방면,30,2005-12,02-2148-4301,37.586768,126.9976549,2018-02-09
"서울특별시 종로구청",서울특별시 종로구 혜화로9길 28,서울특별시 종로구 명륜1가 23,생활방범,1,41,360도전방면,30,2005-12,02-2148-4301,37.587558,126.998255,2018-02-09
"서울특별시 종로구청",서울특별시 종로구 종로 140-1,서울특별시 종로구 종로3가 148,생활방범,2,200,360도전방면,30,2013-12,02-2148-4301,37.5702973,126.9931769,2018-02-09
"서울특별시 종로구청",서울특별시 종로구 종로 160-1,서울특별시 종로구 종로4가 56,생활방범,2,200,360도전방면,30,2013-12,02-2148-4301,37.570396,126.9953935,2018-02-09
"서울특별시 종로구청",서울특별시 종로구 우정국로 29,서울특별시 종로구 공평동 120-2,생활방범,3,200,360도전방면,30,2013-12,02-2148-4301,37.571916,126.9828707,2018-02-09
"서울특별시 종로구청",서울특별시 종로구 종로12길 10,서울특별시 종로구 관철동 18-1,생활방범,3,200,360도전방면,30,2013-12,02-2148-4301,37.5697613,126.9856882,2018-02-09
"서울특별시 종로구청",서울특별시 종로구 우정국로 2,서울특별시 종로구 관철동 288,생활방범,3,200,360도전방면,30,2013-12,02-2148-4301,37.569073,126.982968,2018-02-09
"서울특별시 종로구청",서울특별시 종로구 청계천로 73,서울특별시 종로구 관철동 11-14,생활방범,3,200,360도전방면,30,2013-12,02-2148-4301,37.5685594,126.9857999,2018-02-09
"서울특별시 종로구청",서울특별시 종로구 혜화로9길 6,서울특별시 종로구 명륜1가 33-6,생활방범,1,41,360도전방면,30,2005-12,02-2148-4301,37.5878423,126.999316,2018-02-09
"서울특별시 종로구청",서울특별시 종로구 청계천로 1,서울특별시 종로구 서린동 159-1,생활방범,2,200,360도전방면,30,2013-12,02-2148-4301,37.5695069,126.9773639,2018-02-09
"서울특별시 종로구청",서울특별시 종로구 북촌로11길 5,서울특별시 종로구 가회동 60,생활방범,3,200,360도전방면,30,2013-12,02-2148-4301,37.5814443,126.9846659,2018-02-09
"서울특별시 종로구청",서울특별시 종로구 삼일대로30길 14,서울특별시 종로구 낙원동 58-9,생활방범,3,200,360도전방면,30,2013-12,02-2148-4301,37.5740062,126.9886005,2018-02-09
"서울특별시 종로구청",서울특별시 종로구 돈화문로6나길 13,서울특별시 종로구 봉익동 149,생활방범,2,200,360도전방면,30,2013-12,02-2148-4301,37.571453,126.993304,2018-02-09
"서울특별시 종로구청",서울특별시 종로구 무교로 37,서울특별시 종로구 서린동 146,생활방범,2,200,360도전방면,30,2013-12,02-2148-4301,37.569365,126.979191,2018-02-09
"서울특별시 종로구청",서울특별시 종로구 청계천로 1,서울특별시 종로구 서린동 159-1,생활방범,2,200,360도전방면,30,2013-12,02-2148-4301,37.5692685,126.9775683,2018-02-09
"서울특별시 종로구청",서울특별시 종로구 세종대로 152,서울특별시 종로구 세종로 139-8,생활방범,2,200,360도전방면,30,2013-12,02-2148-4301,37.5698106,126.977367,2018-02-09
"서울특별시 종로구청",서울특별시 종로구 종로 1,서울특별시 종로구 세종로 119,생활방범,2,200,360도전방면,30,2013-12,02-2148-4301,37.570703,126.977446,2018-02-09
"서울특별시 종로구청",서울특별시 종로구 성균관로 54-13,서울특별시 종로구 명륜1가 16-48,생활방범,1,41,360도전방면,30,2005-12,02-2148-4301,37.587386,126.9970464,2018-02-09
"서울특별시 종로구청",서울특별시 종로구 종로28길 11,서울특별시 종로구 예지동 96,생활방범,2,200,360도전방면,30,2013-12,02-2148-4301,37.569905,126.995457,2018-02-09
"서울특별시 종로구청",서울특별시 종로구 인사동길 11-1,서울특별시 종로구 인사동 147,생활방범,2,200,360도전방면,30,2013-12,02-2148-4301,37.571879,126.986877,2018-02-09
"서울특별시 종로구청",서울특별시 종로구 인사동길 24,서울특별시 종로구 인사동 15,생활방범,2,200,360도전방면,30,2011-04,02-2148-4301,37.5728915,126.986323,2018-02-09
"서울특별시 종로구청",서울특별시 종로구 인사동길 24,서울특별시 종로구 인사동 15,생활방범,1,41,카메라 전면(고정),30,2011-04,02-2148-4301,37.5728915,126.986323,2018-02-09
"서울특별시 종로구청",서울특별시 종로구 인왕산로,서울특별시 종로구 옥인동 산3-1 (인왕산도시자연공원 인왕산전망대 입구),생활방범,1,200,360도전방면,30,2014-08,02-2148-4301,37.584089,126.963892,2018-02-09
"서울특별시 종로구청",서울특별시 종로구 자하문로35길,서울특별시 종로구 청운동 7-3 (인왕산도시자연공원 청운공원),생활방범,1,200,360도전방면,30,2014-08,02-2148-4301,37.590934,126.966281,2018-02-09
"서울특별시 종로구청",서울특별시 종로구 북촌로 134-3,서울특별시 종로구 삼청동 산2-1 (삼청공원 놀이터),생활방범,1,200,360도전방면,30,2014-08,02-2148-4301,37.588569,126.984083,2018-02-09
"서울특별시 종로구청",서울특별시 종로구 북촌로 134-3,서울특별시 종로구 삼청동 산2-1 (삼청공원 물의 숲),생활방범,1,200,360도전방면,30,2014-08,02-2148-4301,37.588912,126.984874,2018-02-09
"서울특별시 종로구청",서울특별시 종로구 북촌로 134-3,서울특별시 종로구 삼청동 산2-1 (삼청공원 숲 체험장),생활방범,1,200,360도전방면,30,2014-08,02-2148-4301,37.589455,126.985669,2018-02-09
"서울특별시 종로구청",서울특별시 종로구 혜화로9길 24-9 (명륜상상어린이공원),,생활방범,1,200,360도전방면,30,2014-08,02-2148-4301,37.588157,126.998249,2018-02-09
"서울특별시 종로구청",서울특별시 종로구 평창길 367,서울특별시 종로구 평창동 470 (참샘골어린이공원),생활방범,1,200,360도전방면,30,2014-08,02-2148-4301,37.6148500,126.974435,2018-02-09
"서울특별시 종로구청",서울특별시 종로구 평창길 220,서울특별시 종로구 평창동 495-4 (감나무골어린이공원),생활방범,1,200,360도전방면,30,2014-08,02-2148-4301,37.612638,126.970360,2018-02-09
"서울특별시 종로구청",서울특별시 종로구 평창길 6,서울특별시 종로구 평창동 327-7 (새마을어린이공원),생활방범,1,200,360도전방면,30,2014-08,02-2148-4301,37.605677,126.965062,2018-02-09
"서울특별시 종로구청",서울특별시 종로구 성균관로25 (성대정문 쉼터 내),,생활방범,1,200,360도전방면,30,2014-08,02-2148-4301,37.584814,126.997106,2018-02-09
"서울특별시 종로구청",서울특별시 종로구 인왕산로,서울특별시 종로구 옥인동 산3-1 (인왕산도시자연공원 수성동계곡 뒤),생활방범,1,200,360도전방면,30,2014-08,02-2148-4301,37.5827300,126.961464,2018-02-09
"서울특별시 종로구청",서울특별시 종로구 성균관로25 (성대정문 쉼터 내),,생활방범,1,200,360도전방면,30,2014-08,02-2148-4301,37.585041,126.997118,2018-02-09
"서울특별시 종로구청",서울특별시 종로구 통일로18가길 26,서울특별시 종로구 무악동 산3-4 (인왕산도시자연공원 장군바위 주변),생활방범,1,200,360도전방면,30,2013-12,02-2148-4301,37.5800393,126.9578077,2018-02-09
"서울특별시 종로구청",서울특별시 종로구 통일로18가길 26,서울특별시 종로구 무악동 산3-4 (인왕산도시자연공원 용궁 주변),생활방범,1,200,360도전방면,30,2013-12,02-2148-4301,37.5790445,126.9592668,2018-02-09
"서울특별시 종로구청",서울특별시 종로구 창의문로 119 (인왕산도시자연공원 윤동주문학관 위),,생활방범,1,200,360도전방면,30,2015-06,02-2148-4301,37.591874,126.966738,2018-02-09
"서울특별시 종로구청",서울특별시 종로구 성균관로5길 25-13 (경학어린이공원),,생활방범,1,200,360도전방면,30,2015-06,02-2148-4301,37.584655,126.996847,2018-02-09
"서울특별시 종로구청",서울특별시 종로구 종로 30 (서린공원),,생활방범,1,200,360도전방면,30,2015-06,02-2148-4301,37.5699086,126.980935,2018-02-09
"서울특별시 종로구청",서울특별시 종로구 동숭4나길 12,서울특별시 종로구 동숭동 2-43 (백동어린이놀이터),생활방범,1,200,360도전방면,30,2015-06,02-2148-4301,37.583061,127.004854,2018-02-09
"서울특별시 종로구청",서울특별시 종로구 숭인동2길 29,서울특별시 종로구 숭인동 605 (숭인어린이놀이터),생활방범,1,200,360도전방면,30,2015-06,02-2148-4301,37.577917,127.020336,2018-02-09
"서울특별시 종로구청",서울특별시 종로구 종로 157 (종묘광장공원),,생활방범,1,200,360도전방면,30,2015-12,02-2148-4301,37.571253,126.994187,2018-02-09
"서울특별시 종로구청",서울특별시 종로구 종로 157 (종묘광장공원),,생활방범,1,200,360도전방면,30,2015-12,02-2148-4301,37.570798,126.993991,2018-02-09
"서울특별시 종로구청",서울특별시 종로구 종로 157 (종묘광장공원),,생활방범,1,200,360도전방면,30,2015-12,02-2148-4301,37.571266,126.994817,2018-02-09
"서울특별시 종로구청",서울특별시 종로구 창경궁로 109,서울특별시 종로구 인의동 112-2,생활방범,3,200,360도전방면,30,2013-12,02-2148-4301,37.5712971,126.997624,2018-02-09
"서울특별시 종로구청",서울특별시 종로구 청계천로 159,서울특별시 종로구 장사동 116-4,생활방범,2,200,360도전방면,30,2013-12,02-2148-4301,37.568766,126.995411,2018-02-09
"서울특별시 종로구청",서울특별시 종로구 청계천로 149-1,서울특별시 종로구 장사동 204-1,생활방범,2,200,360도전방면,30,2013-12,02-2148-4301,37.568702,126.994414,2018-02-09
"서울특별시 종로구청",서울특별시 종로구 종로3길 17,서울특별시 종로구 청진동 246,생활방범,3,200,360도전방면,30,2013-12,02-2148-4301,37.5703651,126.9792201,2018-02-09
"서울특별시 종로구청",서울특별시 종로구 종로 69,서울특별시 종로구 종로2가 9,생활방범,3,200,360도전방면,30,2013-12,02-2148-4301,37.570357,126.9852919,2018-02-09
"서울특별시 종로구청",서울특별시 종로구 종로 145,서울특별시 종로구 종로3가 39-8,생활방범,2,200,360도전방면,30,2011-04,02-2148-4301,37.570675,126.993857,2018-02-09
"서울특별시 종로구청",서울특별시 종로구 종로 145,서울특별시 종로구 종로3가 39-8,생활방범,1,41,카메라 전면(고정),30,2011-04,02-2148-4301,37.570675,126.993857,2018-02-09
"서울특별시 종로구청",서울특별시 종로구 삼일대로32길 36,서울특별시 종로구 익선동 18-2,생활방범,3,200,360도전방면,30,2013-12,02-2148-4301,37.575495,126.989198,2018-02-09
"서울특별시 종로구청",서울특별시 종로구 돈화문로11다길 44,서울특별시 종로구 익선동 166-61,생활방범,2,200,360도전방면,30,2013-12,02-2148-4301,37.573735,126.989771,2018-02-09
"서울특별시 종로구청",서울특별시 종로구 성균관로 58-23,서울특별시 종로구 명륜1가 16-26,생활방범,1,41,360도전방면,30,2005-12,02-2148-4301,37.587712,126.997642,2018-02-09
"서울특별시 종로구청",서울특별시 종로구 인사동길 1,서울특별시 종로구 인사동 72,생활방범,2,200,360도전방면,30,2013-12,02-2148-4301,37.5710565,126.9874275,2018-02-09
"서울특별시 종로구청",서울특별시 종로구 성균관로14길 30,서울특별시 종로구 명륜1가 23-3,생활방범,1,41,360도전방면,30,2005-12,02-2148-4301,37.5880445,126.9976432,2018-02-09
"서울특별시 종로구청",서울특별시 종로구 충신길 3,서울특별시 종로구 종로6가 201-3,생활방범,1,200,360도전방면,30,2013-02,02-2148-4301,37.573407,127.007629,2018-02-09
"서울특별시 종로구청",서울특별시 종로구 충신길 3,서울특별시 종로구 종로6가 201-3,생활방범,1,130,카메라 전면(고정),30,2013-02,02-2148-4301,37.573407,127.007629,2018-02-09
"서울특별시 종로구청",서울특별시 종로구 낙산성곽서길 63,서울특별시 종로구 충신동 1-211,생활방범,2,200,360도전방면,30,2013-12,02-2148-4301,37.5751338,127.008597,2018-02-09
"서울특별시 종로구청",서울특별시 종로구 충신4나길 5,서울특별시 종로구 충신동 1-314,생활방범,2,200,360도전방면,30,2013-12,02-2148-4301,37.576048,127.007845,2018-02-09
"서울특별시 종로구청",서울특별시 종로구 충신길 31,서울특별시 종로구 종로6가 1-76,생활방범,2,200,360도전방면,30,2013-12,02-2148-4301,37.5742154,127.0078458,2018-02-09
"서울특별시 종로구청",서울특별시 종로구 종로41길 48,서울특별시 종로구 종로6가 210-11,생활방범,2,200,360도전방면,30,2013-12,02-2148-4301,37.5734426,127.0062196,2018-02-09
"서울특별시 종로구청",서울특별시 종로구 충신길 78,서울특별시 종로구 충신동 1-71,생활방범,1,130,360도전방면,30,2012-02,02-2148-4301,37.5761316,127.0070329,2018-02-09
"서울특별시 종로구청",서울특별시 종로구 충신길 78,서울특별시 종로구 충신동 1-71,생활방범,2,200,카메라 전면(고정),30,2012-02,02-2148-4301,37.5761316,127.0070329,2018-02-09
"서울특별시 종로구청",서울특별시 종로구 충신길 76-9,서울특별시 종로구 충신동 1-365,생활방범,2,200,360도전방면,30,2013-12,02-2148-4301,37.576109,127.007498,2018-02-09
"서울특별시 종로구청",서울특별시 종로구 율곡로22가길 25-1,서울특별시 종로구 충신동 191-1,생활방범,2,200,360도전방면,30,2013-12,02-2148-4301,37.5742458,127.0040262,2018-02-09
"서울특별시 종로구청",서울특별시 종로구 종로 251-3,서울특별시 종로구 종로5가 9-6,생활방범,2,200,360도전방면,30,2013-12,02-2148-4301,37.5715415,127.0056356,2018-02-09
"서울특별시 종로구청",서울특별시 종로구 종로 157 (종묘광장공원),,생활방범,1,200,360도전방면,30,2015-12,02-2148-4301,37.572014,126.994778,2018-02-09
"서울특별시 종로구청",서울특별시 종로구 종로 157 (종묘광장공원),,생활방범,1,200,360도전방면,30,2015-12,02-2148-4301,37.571605,126.994274,2018-02-09
"서울특별시 종로구청",서울특별시 종로구 종로 157 (종묘광장공원),,생활방범,1,200,360도전방면,30,2015-12,02-2148-4301,37.5729316,126.993832,2018-02-09
"서울특별시 종로구청",서울특별시 종로구 종로 157 (종묘광장공원),,생활방범,1,200,360도전방면,30,2016-07,02-2148-4301,37.571999,126.995828,2018-02-09
"서울특별시 종로구청",서울특별시 종로구 종로 157 (종묘광장공원),,생활방범,1,200,360도전방면,30,2016-07,02-2148-4301,37.571478,126.996078,2018-02-09
"서울특별시 종로구청",서울특별시 종로구 종로 157 (종묘광장공원),,생활방범,1,200,360도전방면,30,2016-07,02-2148-4301,37.571799,126.995826,2018-02-09
"서울특별시 종로구청",서울특별시 종로구 종로 157 (종묘광장공원),,생활방범,1,200,360도전방면,30,2016-07,02-2148-4301,37.571097,126.995511,2018-02-09
"서울특별시 종로구청",서울특별시 종로구 종로3길 24-7,서울특별시 종로구 청진동 146-3 (청진공원),생활방범,1,200,360도전방면,30,2016-07,02-2148-4301,37.571509,126.979839,2018-02-09
"서울특별시 종로구청",서울특별시 종로구 지봉로13길 62,서울특별시 종로구 창신동 23-362 (창신어린이공원),생활방범,1,200,360도전방면,30,2016-07,02-2148-4301,37.577911,127.013097,2018-02-09
"서울특별시 종로구청",서울특별시 종로구 동망산길 130,서울특별시 종로구 숭인동 58-59 (숭인공원 유아숲체험원),생활방범,1,200,360도전방면,30,2017-04,02-2148-4301,37.577351,127.018073,2018-02-09
"서울특별시 종로구청",서울특별시 종로구 종로 157 (종묘광장공원),,생활방범,1,200,360도전방면,30,2015-12,02-2148-4301,37.571715,126.994795,2018-02-09
"서울특별시 종로구청",서울특별시 종로구 동망산길 130,서울특별시 종로구 숭인동 58-70 (숭인공원 유아숲체험원),생활방범,1,200,360도전방면,30,2017-04,02-2148-4301,37.577203,127.017796,2018-02-09
"서울특별시 종로구청",서울특별시 종로구 송월1길 30,서울특별시 종로구 송월동 1-92 (돈의문1구역 어린이공원),생활방범,2,200,360도전방면,30,2017-08,02-2148-4301,37.5712243,126.9651817,2018-02-09
"서울특별시 종로구청",서울특별시 종로구 송월길 54,서울특별시 종로구 홍파동 5-21 (돈의문1구역 어린이공원),생활방범,2,200,360도전방면,30,2017-08,02-2148-4301,37.5713932,126.9647254,2018-02-09
"서울특별시 종로구청",서울특별시 종로구 송월길 53,서울특별시 종로구 송월동 32-43 (돈의문1구역 소공원),생활방범,3,200,360도전방면,30,2017-08,02-2148-4301,37.570069,126.965685,2018-02-09
"서울특별시 종로구청",서울특별시 종로구 송월길 53,서울특별시 종로구 송월동 32-43 (돈의문1구역 소공원),생활방범,1,200,360도전방면,30,2017-08,02-2148-4301,37.569938,126.965670,2018-02-09
"서울특별시 종로구청",서울특별시 종로구 율곡로 264,,다목적,1,200,360도전방면,30,2014-10,02-2148-4301,37.573627,127.006691,2018-02-09
"서울특별시 종로구청",서울특별시 종로구 지붕로 97,,다목적,1,200,360도전방면,30,2014-10,02-2148-4301,37.578408,127.014720,2018-02-09
"서울특별시 종로구청",서울특별시 종로구 낙산5길 33,,다목적,1,200,360도전방면,30,2014-10,02-2148-4301,37.578836,127.010898,2018-02-09
"서울특별시 종로구청",서울특별시 종로구 낙산길 250,,다목적,1,200,360도전방면,30,2014-10,02-2148-4301,37.581338,127.013139,2018-02-09
"서울특별시 종로구청",서울특별시 종로구 낙산길 250,,다목적,1,200,360도전방면,30,2014-10,02-2148-4301,37.5821722,127.0138460,2018-02-09
"서울특별시 종로구청",서울특별시 종로구 동망산길 66-1,,다목적,1,200,360도전방면,30,2014-10,02-2148-4301,37.579708,127.017096,2018-02-09
"서울특별시 종로구청",서울특별시 종로구 낙산4길 24,,다목적,1,200,360도전방면,30,2014-10,02-2148-4301,37.578789,127.007179,2018-02-09
"서울특별시 종로구청",서울특별시 종로구 혜화로6길 63,,다목적,1,200,360도전방면,30,2014-10,02-2148-4301,37.589438,127.001478,2018-02-09
"서울특별시 종로구청",서울특별시 종로구 대학로 16,서울특별시 종로구 효제동 312-1,생활방범,2,200,360도전방면,30,2013-12,02-2148-4301,37.572369,127.002098,2018-02-09
"서울특별시 종로구청",서울특별시 종로구 김상옥로 51,서울특별시 종로구 효제동 115-1,생활방범,2,200,360도전방면,30,2011-04,02-2148-4301,37.5733468,127.003481,2018-02-09
"서울특별시 종로구청",서울특별시 종로구 김상옥로 51,서울특별시 종로구 효제동 115-1,생활방범,1,41,카메라 전면(고정),30,2011-04,02-2148-4301,37.5733468,127.003481,2018-02-09
"서울특별시 종로구청",서울특별시 종로구 혜화로9길 24-16,서울특별시 종로구 명륜1가 33-59,생활방범,1,41,360도전방면,30,2005-12,02-2148-4301,37.588364,126.998359,2018-02-09
"서울특별시 종로구청",서울특별시 종로구 이화장길 70-12,서울특별시 종로구 동숭동 199-20,생활방범,2,200,360도전방면,30,2013-12,02-2148-4301,37.578469,127.005206,2018-02-09
"서울특별시 종로구청",서울특별시 종로구 이화장1길 33,서울특별시 종로구 이화동 6-2,생활방범,2,200,360도전방면,30,2013-12,02-2148-4301,37.577803,127.005957,2018-02-09
"서울특별시 종로구청",서울특별시 종로구 동숭3길 40,서울특별시 종로구 동숭동 25-1,생활방범,2,200,360도전방면,30,2013-12,02-2148-4301,37.5827787,127.0046543,2018-02-09
"서울특별시 종로구청",서울특별시 종로구 동숭4나길 29,서울특별시 종로구 동숭동 6-31,생활방범,2,200,360도전방면,30,2013-12,02-2148-4301,37.583249,127.005863,2018-02-09
"서울특별시 종로구청",서울특별시 종로구 율곡로13길 13,서울특별시 종로구 연건동 273-8,생활방범,2,200,360도전방면,30,2013-12,02-2148-4301,37.576793,127.000706,2018-02-09
"서울특별시 종로구청",서울특별시 종로구 대학로 103,서울특별시 종로구 연건동 28-2,생활방범,2,200,360도전방면,30,2013-12,02-2148-4301,37.580421,127.001952,2018-02-09
"서울특별시 종로구청",서울특별시 종로구 김상옥로 42-1,서울특별시 종로구 효제동 295,생활방범,2,200,360도전방면,30,2013-12,02-2148-4301,37.573255,127.0022178,2018-02-09
"서울특별시 종로구청",서울특별시 종로구 대학로7길 18,서울특별시 종로구 연건동 50-6,생활방범,3,200,360도전방면,30,2013-12,02-2148-4301,37.5792401,127.0010345,2018-02-09
"서울특별시 종로구청",서울특별시 종로구 율곡로19길 19,서울특별시 종로구 이화동 12-2,생활방범,2,200,360도전방면,30,2013-12,02-2148-4301,37.5762903,127.0059028,2018-02-09
"서울특별시 종로구청",서울특별시 종로구 이화장1나길 15,서울특별시 종로구 이화동 9-264,생활방범,2,200,360도전방면,30,2013-12,02-2148-4301,37.5776208,127.0066968,2018-02-09
"서울특별시 종로구청",서울특별시 종로구 낙산성곽서1길 17,서울특별시 종로구 이화동 9-498,생활방범,3,200,360도전방면,30,2013-12,02-2148-4301,37.577733,127.008051,2018-02-09
"서울특별시 종로구청",서울특별시 종로구 성균관로14길 14,서울특별시 종로구 명륜1가 33-87,생활방범,1,41,360도전방면,30,2005-12,02-2148-4301,37.5888518,126.9976327,2018-02-09
"서울특별시 종로구청",서울특별시 종로구 동숭길 29,서울특별시 종로구 동숭동 1-141,생활방범,2,200,360도전방면,30,2013-12,02-2148-4301,37.5798665,127.0038854,2018-02-09
"서울특별시 종로구청",서울특별시 종로구 대학로 120,서울특별시 종로구 동숭동 1-27,생활방범,2,200,360도전방면,30,2013-12,02-2148-4301,37.581793,127.0022796,2018-02-09
"서울특별시 종로구청",서울특별시 종로구 이화장길 84,서울특별시 종로구 동숭동 192-14,생활방범,2,200,360도전방면,30,2013-12,02-2148-4301,37.5790919,127.0045073,2018-02-09
"서울특별시 종로구청",서울특별시 종로구 대학로 95,서울특별시 종로구 연건동 28-2,생활방범,2,200,360도전방면,30,2013-12,02-2148-4301,37.579754,126.9994326,2018-02-09
"서울특별시 종로구청",서울특별시 종로구 이화장길 33,서울특별시 종로구 이화동 149-1,생활방범,2,200,360도전방면,30,2013-12,02-2148-4301,37.576895,127.004523,2018-02-09
"서울특별시 종로구청",서울특별시 종로구 율곡로17길 7-2,서울특별시 종로구 이화동 96-2,생활방범,2,200,360도전방면,30,2013-12,02-2148-4301,37.5761864,127.0049736,2018-02-09
"서울특별시 종로구청",서울특별시 종로구 대학로 60,서울특별시 종로구 연건동 178-1,생활방범,2,200,360도전방면,30,2011-04,02-2148-4301,37.5767695,127.0026192,2018-02-09
"서울특별시 종로구청",서울특별시 종로구 삼일대로 446,,다목적,1,200,360도전방면,30,2014-10,02-2148-4301,37.5751961,126.9870281,2018-02-09
"서울특별시 종로구청",서울특별시 종로구 북촌로6길 1,,다목적,1,200,360도전방면,30,2014-10,02-2148-4301,37.580055,126.985093,2018-02-09
"서울특별시 종로구청",서울특별시 종로구 자하문로17길 12,,다목적,1,200,360도전방면,30,2014-10,02-2148-4301,37.581354,126.969487,2018-02-09
"서울특별시 종로구청",서울특별시 종로구 자하문로10길 8,,다목적,1,200,360도전방면,30,2014-10,02-2148-4301,37.579399,126.972013,2018-02-09
"서울특별시 종로구청",서울특별시 종로구 자하문로28길 8,,다목적,1,200,360도전방면,30,2014-10,02-2148-4301,37.585046,126.9710634,2018-02-09
"서울특별시 종로구청",서울특별시 종로구 자하문로35길 21,,다목적,1,200,360도전방면,30,2014-10,02-2148-4301,37.588517,126.966223,2018-02-09
"서울특별시 종로구청",서울특별시 종로구 자하문로 306,,다목적,1,200,360도전방면,30,2014-10,02-2148-4301,37.5997036,126.959064,2018-02-09
"서울특별시 종로구청",서울특별시 종로구 홍지문2길 1,,다목적,1,200,360도전방면,30,2014-10,02-2148-4301,37.600788,126.956861,2018-02-09
"서울특별시 종로구청",서울특별시 종로구 필운대로 103,,다목적,1,200,360도전방면,30,2014-10,02-2148-4301,37.584074,126.968901,2018-02-09
"서울특별시 종로구청",서울특별시 종로구 인왕산로1길 21,,다목적,1,200,360도전방면,30,2014-10,02-2148-4301,37.574546,126.964512,2018-02-09
"서울특별시 종로구청",서울특별시 종로구 대학로3길 9,,다목적,1,200,360도전방면,30,2014-10,02-2148-4301,37.574144,127.001246,2018-02-09
"서울특별시 종로구청",서울특별시 종로구 창경궁로 288,,다목적,1,200,360도전방면,30,2014-10,02-2148-4301,37.586262,127.002023,2018-02-09
"서울특별시 종로구청",서울특별시 종로구 북촌로 4길 27,,다목적,1,200,360도전방면,30,2014-10,02-2148-4301,37.579366,126.986666,2018-02-09
"서울특별시 종로구청",서울특별시 종로구 세검정로7길 19(세검정초교 정문 인근),,다목적,1,200,360도전방면,30,2015-08,02-2148-4301,37.602735,126.960755,2018-02-09
"서울특별시 종로구청",서울특별시 종로구 세검정로9길 19(세검정초교 후문 인근),,다목적,1,200,360도전방면,30,2015-08,02-2148-4301,37.603958,126.961269,2018-02-09
"서울특별시 종로구청",서울특별시 종로구 사직로9길 16-1(매동초교 정문 인근),,다목적,1,200,360도전방면,30,2015-08,02-2148-4301,37.5770366,126.967844,2018-02-09
"서울특별시 종로구청",서울특별시 종로구 필운대로 9-2,,다목적,1,200,360도전방면,30,2015-08,02-2148-4301,37.577185,126.969199,2018-02-09
"서울특별시 종로구청",서울특별시 종로구 성균관로 76,,다목적,1,200,360도전방면,30,2015-08,02-2148-4301,37.589234,126.997408,2018-02-09
"서울특별시 종로구청",서울특별시 종로구 창신5길 77(창신두산아파트 뒷길),,다목적,1,200,360도전방면,30,2015-08,02-2148-4301,37.574683,127.013793,2018-02-09
"서울특별시 종로구청",서울특별시 종로구 자하문로33길 22-1(청운초교 후문 옆),,다목적,1,200,360도전방면,30,2015-08,02-2148-4301,37.586269,126.968635,2018-02-09
"서울특별시 종로구청",서울특별시 종로구 율곡로14길 40(효제파출소 건너편),,다목적,1,200,360도전방면,30,2015-08,02-2148-4301,37.574305,127.0031947,2018-02-09
"서울특별시 종로구청",서울특별시 종로구 성균관로13길 63(명륜어린이집),,다목적,1,200,360도전방면,30,2015-08,02-2148-4301,37.591126,126.995144,2018-02-09
"서울특별시 종로구청",서울특별시 종로구 평창길 311(하나유치원),,다목적,1,200,360도전방면,30,2015-08,02-2148-4301,37.614766,126.977086,2018-02-09
"서울특별시 종로구청",서울특별시 종로구 비봉길 23(비봉주차장 입구 건너편),,다목적,1,200,360도전방면,30,2015-08,02-2148-4301,37.611546,126.9560699,2018-02-09
"서울특별시 종로구청",서울특별시 종로구 필운대로 87-2(서울맹학교),,다목적,1,200,360도전방면,30,2015-08,02-2148-4301,37.583757,126.967316,2018-02-09
"서울특별시 종로구청",서울특별시 종로구 이화장길 14,서울특별시 종로구 이화동 186-3,생활방범,2,200,360도전방면,30,2011-04,02-2148-4301,37.5767814,127.0032267,2018-02-09
"서울특별시 종로구청",서울특별시 종로구 이화장길 14,서울특별시 종로구 이화동 186-3,생활방범,1,41,카메라 전면(고정),30,2011-04,02-2148-4301,37.5767814,127.0032267,2018-02-09
"서울특별시 종로구청",서울특별시 종로구 성균관로17길 28,서울특별시 종로구 명륜1가 2-19,생활방범,3,200,360도전방면,30,2013-12,02-2148-4301,37.5904788,126.9976123,2018-02-09
"서울특별시 종로구청",서울특별시 종로구 혜화로11길 19,서울특별시 종로구 명륜1가 33-54,생활방범,2,200,360도전방면,30,2013-12,02-2148-4301,37.588805,126.998271,2018-02-09
"서울특별시 종로구청",서울특별시 종로구 혜화로3가길 11,서울특별시 종로구 명륜1가 57-1,생활방범,1,130,360도전방면,30,2012-02,02-2148-4301,37.5867531,126.9986137,2018-02-09
"서울특별시 종로구청",서울특별시 종로구 혜화로3가길 11,서울특별시 종로구 명륜1가 57-1,생활방범,2,200,카메라 전면(고정),30,2012-02,02-2148-4301,37.5867531,126.9986137,2018-02-09
"서울특별시 종로구청",서울특별시 종로구 혜화로9길 40,서울특별시 종로구 명륜1가 60-1,생활방범,2,200,360도전방면,30,2013-12,02-2148-4301,37.5871536,126.9980082,2018-02-09
"서울특별시 종로구청",서울특별시 종로구 성균관로4길 6,서울특별시 종로구 명륜2가 145,생활방범,2,200,360도전방면,30,2013-12,02-2148-4301,37.584526,126.9977762,2018-02-09
"서울특별시 종로구청",서울특별시 종로구 혜화로3길 6,서울특별시 종로구 명륜1가 46-7,생활방범,2,200,360도전방면,30,2013-12,02-2148-4301,37.586185,126.999667,2018-02-09
"서울특별시 종로구청",서울특별시 종로구 대명길 4,서울특별시 종로구 명륜2가 24-4,생활방범,2,200,360도전방면,30,2013-12,02-2148-4301,37.5836727,127.0013991,2018-02-09
"서울특별시 종로구청",서울특별시 종로구 대학로 60,서울특별시 종로구 연건동 178-1,생활방범,1,41,카메라 전면(고정),30,2011-04,02-2148-4301,37.5767695,127.0026192,2018-02-09
"서울특별시 종로구청",서울특별시 종로구 대명1길 25,서울특별시 종로구 명륜4가 85-9,생활방범,2,200,360도전방면,30,2013-12,02-2148-4301,37.5825218,127.0007633,2018-02-09
"서울특별시 종로구청",서울특별시 종로구 혜화로10길 15-9,서울특별시 종로구 혜화동 15-118,생활방범,1,130,360도전방면,30,2012-02,02-2148-4301,37.588808,127.000327,2018-02-09
"서울특별시 종로구청",서울특별시 종로구 혜화로10길 15-9,서울특별시 종로구 혜화동 15-118,생활방범,2,200,카메라 전면(고정),30,2012-02,02-2148-4301,37.588808,127.000327,2018-02-09
"서울특별시 종로구청",서울특별시 종로구 혜화로6길 70-1,서울특별시 종로구 혜화동 15-146,생활방범,2,200,360도전방면,30,2013-12,02-2148-4301,37.589668,127.002082,2018-02-09
"서울특별시 종로구청",서울특별시 종로구 창경궁로35길 55,서울특별시 종로구 혜화동 26-39,생활방범,2,200,360도전방면,30,2013-12,02-2148-4301,37.588231,127.002471,2018-02-09
"서울특별시 종로구청",서울특별시 종로구 혜화로16길 26,서울특별시 종로구 혜화동 5-49,생활방범,3,200,360도전방면,30,2013-12,02-2148-4301,37.590841,127.000395,2018-02-09
"서울특별시 종로구청",서울특별시 종로구 창경궁로35길 19,서울특별시 종로구 혜화동 53-11,생활방범,2,200,360도전방면,30,2013-12,02-2148-4301,37.586788,127.0018559,2018-02-09
"서울특별시 종로구청",서울특별시 종로구 혜화로 32,서울특별시 종로구 혜화동 13-1,생활방범,2,200,360도전방면,30,2013-12,02-2148-4301,37.588328,126.999736,2018-02-09
"서울특별시 종로구청",서울특별시 종로구 명륜7길 1,서울특별시 종로구 명륜3가 1-1040,생활방범,2,200,360도전방면,30,2013-12,02-2148-4301,37.590395,126.993302,2018-02-09
"서울특별시 종로구청",서울특별시 종로구 명륜2길 9-2,서울특별시 종로구 명륜3가 1-180,생활방범,2,200,360도전방면,30,2013-12,02-2148-4301,37.589041,126.995601,2018-02-09
"서울특별시 종로구청",서울특별시 종로구 명륜길 45-23,서울특별시 종로구 명륜3가 1-165,생활방범,3,200,360도전방면,30,2013-12,02-2148-4301,37.5894593,126.993474,2018-02-09
"서울특별시 종로구청",서울특별시 종로구 명륜4길 3,서울특별시 종로구 명륜3가 1-143,생활방범,2,200,360도전방면,30,2013-12,02-2148-4301,37.5893298,126.994821,2018-02-09
"서울특별시 종로구청",서울특별시 종로구 자하문로43길 2(구립엔젤키즈어린이집),서울특별시 종로구 부암동 384-4,다목적,1,200,360도전방면,30,2016-06,02-2148-4301,37.598687,126.960875,2018-02-09
"서울특별시 종로구청",서울특별시 종로구 세검정로6다길 10(부암어린이집),서울특별시 종로구 신영동 105-12,다목적,1,200,360도전방면,30,2016-06,02-2148-4301,37.601661,126.962604,2018-02-09
"서울특별시 종로구청",서울특별시 종로구 종로65길 10(한빛어린이집),서울특별시 종로구 숭인동 178-167,다목적,1,200,360도전방면,30,2016-06,02-2148-4301,37.574975,127.019838,2018-02-09
"서울특별시 종로구청",서울특별시 종로구 옥인길 18(누상어린이집),서울특별시 종로구 옥인동 149-1,다목적,1,200,360도전방면,30,2016-06,02-2148-4301,37.580694,126.967469,2018-02-09
"서울특별시 종로구청",서울특별시 종로구 세종대로 175,서울특별시 종로구 세종로 81-3,교통단속,1,200,360도전방면,30,2011-12,02-2148-4301,37.571682,126.975404,2018-02-09
"서울특별시 종로구청",서울특별시 종로구 새문안로 92,서울특별시 종로구 신문로1가 163,교통단속,1,200,360도전방면,30,2011-12,02-2148-4301,37.569518,126.974471,2018-02-09
"서울특별시 종로구청",서울특별시 종로구 삼일대로 445,서울특별시 종로구 경운동 63-10,교통단속,1,200,360도전방면,30,2005-04,02-2148-4301,37.574201,126.987048,2018-02-09
"서울특별시 종로구청",서울특별시 종로구 삼일대로 457,서울특별시 종로구 경운동 88,교통단속,1,200,360도전방면,30,2005-04,02-2148-4301,37.575399,126.986508,2018-02-09
"서울특별시 종로구청",서울특별시 종로구 종로 99,서울특별시 종로구 종로2가 38-1,교통단속,1,200,360도전방면,30,2009-11,02-2148-4301,37.5705544,126.987815,2018-02-09
"서울특별시 종로구청",서울특별시 종로구 수표로 127,서울특별시 종로구 낙원동 237-2,교통단속,1,200,360도전방면,30,2011-11,02-2148-4301,37.572494,126.988586,2018-02-09
"서울특별시 종로구청",서울특별시 종로구 사직로8길 13(세종유치원),서울특별시 종로구 내자동 169,다목적,1,200,360도전방면,30,2016-06,02-2148-4301,37.574936,126.970238,2018-02-09
"서울특별시 종로구청",서울특별시 종로구 수표로 115,서울특별시 종로구 낙원동 210,교통단속,1,200,360도전방면,30,2007-12,02-2148-4301,37.5715188,126.9891396,2018-02-09
"서울특별시 종로구청",서울특별시 종로구 수표로 90-1,서울특별시 종로구 관수동 15,교통단속,1,200,360도전방면,30,2011-11,02-2148-4301,37.569284,126.989588,2018-02-09
"서울특별시 종로구청",서울특별시 종로구 사직로8길 31,서울특별시 종로구 내자동 201-11,교통단속,1,41,360도전방면,30,2007-12,02-2148-4301,37.574413,126.971576,2018-02-09
"서울특별시 종로구청",서울특별시 종로구 사직로 95,서울특별시 종로구 필운동 142,교통단속,1,200,360도전방면,30,2005-04,02-2148-4301,37.5762232,126.9693121,2018-02-09
"서울특별시 종로구청",서울특별시 종로구 종로 266,서울특별시 종로구 종로6가 262-1,교통단속,1,200,360도전방면,30,2015-08,02-2148-4301,37.570944,127.006786,2018-02-09
"서울특별시 종로구청",서울특별시 종로구 사직로8길 4,서울특별시 종로구 사직동 9,교통단속,1,130,360도전방면,30,2010-07,02-2148-4301,37.5747507,126.9701775,2018-02-09
"서울특별시 종로구청",서울특별시 종로구 통일로14길 6-5,서울특별시 종로구 무악동 45-20,교통단속,1,200,360도전방면,30,2010-07,02-2148-4301,37.5747205,126.9584868,2018-02-09
"서울특별시 종로구청",서울특별시 종로구 진흥로 439,서울특별시 종로구 구기동 85-9,교통단속,1,200,360도전방면,30,2008-03,02-2148-4301,37.607993,126.957611,2018-02-09
"서울특별시 종로구청",서울특별시 종로구 진흥로 487,서울특별시 종로구 신영동 16,교통단속,1,41,360도전방면,30,2005-04,02-2148-4301,37.6049715,126.961135,2018-02-09
"서울특별시 종로구청",서울특별시 종로구 자하문로 6,서울특별시 종로구 통의동 49-1,교통단속,1,41,360도전방면,30,2011-11,02-2148-4301,37.5766076,126.9726622,2018-02-09
"서울특별시 종로구청",서울특별시 종로구 자하문로 13-1,서울특별시 종로구 체부동 45-1,교통단속,1,41,360도전방면,30,2005-07,02-2148-4301,37.577346,126.972093,2018-02-09
"서울특별시 종로구청",서울특별시 종로구 자하문로 27,서울특별시 종로구 통인동 156-2,교통단속,1,200,360도전방면,30,2005-04,02-2148-4301,37.5784074,126.971523,2018-02-09
"서울특별시 종로구청",서울특별시 종로구 명륜10길 27,서울특별시 종로구 명륜3가 1-915,생활방범,2,200,360도전방면,30,2013-12,02-2148-4301,37.590322,126.9924268,2018-02-09
"서울특별시 종로구청",서울특별시 종로구 성균관로7길 25,서울특별시 종로구 명륜3가 38-1,생활방범,2,200,360도전방면,30,2013-12,02-2148-4301,37.587583,126.995777,2018-02-09
"서울특별시 종로구청",서울특별시 종로구 성균관로5길 83,서울특별시 종로구 명륜3가 59-1,생활방범,2,200,360도전방면,30,2013-12,02-2148-4301,37.5865423,126.994137,2018-02-09
"서울특별시 종로구청",서울특별시 종로구 명륜7길 26,서울특별시 종로구 명륜3가 1-962,생활방범,2,200,360도전방면,30,2013-12,02-2148-4301,37.5903814,126.9944252,2018-02-09
"서울특별시 종로구청",서울특별시 종로구 명륜9길 3-2,서울특별시 종로구 명륜9길 3-2,생활방범,2,200,360도전방면,30,2013-12,02-2148-4301,37.591107,126.993254,2018-02-09
"서울특별시 종로구청",서울특별시 종로구 종로51길 37,서울특별시 종로구 창신동 582-6,생활방범,2,200,360도전방면,30,2013-12,02-2148-4301,37.5735868,127.0112347,2018-02-09
"서울특별시 종로구청",서울특별시 종로구 종로53길 21-4,서울특별시 종로구 창신동 197-15,생활방범,2,200,360도전방면,30,2013-12,02-2148-4301,37.5733884,127.013499,2018-02-09
"서울특별시 종로구청",서울특별시 종로구 종로44길 43,서울특별시 종로구 창신동 432,생활방범,3,200,360도전방면,30,2013-12,02-2148-4301,37.5706944,127.0126716,2018-02-09
"서울특별시 종로구청",서울특별시 종로구 지봉로2길 1,서울특별시 종로구 창신동 401-6,생활방범,2,200,360도전방면,30,2013-12,02-2148-4301,37.570343,127.016178,2018-02-09
"서울특별시 종로구청",서울특별시 종로구 종로48길 26-1,서울특별시 종로구 창신동 450-2,생활방범,2,200,360도전방면,30,2013-12,02-2148-4301,37.571126,127.0119763,2018-02-09
"서울특별시 종로구청",서울특별시 종로구 명륜7길 55,서울특별시 종로구 명륜3가 1-883,생활방범,2,200,360도전방면,30,2013-12,02-2148-4301,37.590809,126.995803,2018-02-09
"서울특별시 종로구청",서울특별시 종로구 지봉로5길 24-2,서울특별시 종로구 창신동 82-1,생활방범,2,200,360도전방면,30,2013-12,02-2148-4301,37.574944,127.014732,2018-02-09
"서울특별시 종로구청",서울특별시 종로구 종로44길 9,서울특별시 종로구 창신동 446-1,생활방범,3,200,360도전방면,30,2013-12,02-2148-4301,37.5708373,127.0107365,2018-02-09
"서울특별시 종로구청",서울특별시 종로구 청계천로 341,서울특별시 종로구 창신동 436-73,생활방범,1,130,360도전방면,30,2011-12,02-2148-4301,37.5700898,127.0156286,2018-02-09
"서울특별시 종로구청",서울특별시 종로구 청계천로 341,서울특별시 종로구 창신동 436-73,생활방범,2,200,카메라 전면(고정),30,2011-12,02-2148-4301,37.5700898,127.0156286,2018-02-09
"서울특별시 종로구청",서울특별시 종로구 창신6가길 36,서울특별시 종로구 창신동 130-40,생활방범,2,200,360도전방면,30,2011-04,02-2148-4301,37.575458,127.012668,2018-02-09
"서울특별시 종로구청",서울특별시 종로구 창신6가길 36,서울특별시 종로구 창신동 130-40,생활방범,1,41,카메라 전면(고정),30,2011-04,02-2148-4301,37.575458,127.012668,2018-02-09
"서울특별시 종로구청",서울특별시 종로구 낙산성곽동길 72,서울특별시 종로구 창신동 618-1,생활방범,3,200,360도전방면,30,2013-02,02-2148-4301,37.578781,127.008671,2018-02-09
"서울특별시 종로구청",서울특별시 종로구 창신길 97,서울특별시 종로구 창신동 633-24,생활방범,2,200,360도전방면,30,2013-12,02-2148-4301,37.575956,127.010393,2018-02-09
"서울특별시 종로구청",서울특별시 종로구 낙산성곽동길 18-1,서울특별시 종로구 창신동 640-163,생활방범,2,200,360도전방면,30,2013-12,02-2148-4301,37.574137,127.009286,2018-02-09
"서울특별시 종로구청",서울특별시 종로구 창신길 39-10,서울특별시 종로구 창신동 651-6,생활방범,2,200,360도전방면,30,2013-12,02-2148-4301,37.573641,127.010068,2018-02-09
"서울특별시 종로구청",서울특별시 종로구 창신5길 37,서울특별시 종로구 창신동 135-1,생활방범,3,200,360도전방면,30,2013-12,02-2148-4301,37.574259,127.0124015,2018-02-09
"서울특별시 종로구청",서울특별시 종로구 종로51나길 3,서울특별시 종로구 창신동 142-37,생활방범,2,200,360도전방면,30,2013-12,02-2148-4301,37.572508,127.012189,2018-02-09
"서울특별시 종로구청",서울특별시 종로구 자하문로 119,서울특별시 종로구 청운동 50-31,교통단속,1,200,360도전방면,30,2005-04,02-2148-4301,37.586488,126.969721,2018-02-09
"서울특별시 종로구청",서울특별시 종로구 자하문로 273,서울특별시 종로구 부암동 185-4,교통단속,1,200,360도전방면,30,2005-04,02-2148-4301,37.598004,126.962093,2018-02-09
"서울특별시 종로구청",서울특별시 종로구 백석동길 11,서울특별시 종로구 부암동 237-26,교통단속,1,200,360도전방면,30,2009-11,02-2148-4301,37.5931063,126.9656727,2018-02-09
"서울특별시 종로구청",서울특별시 종로구 평창문화로 75,서울특별시 종로구 평창동 158-1,교통단속,1,200,360도전방면,30,2017-05,02-2148-4301,37.6068353,126.969103,2018-02-09
"서울특별시 종로구청",서울특별시 종로구 평창문화로 52,서울특별시 종로구 평창동 230-3,교통단속,1,200,360도전방면,30,2005-07,02-2148-4301,37.6056122,126.9671351,2018-02-09
"서울특별시 종로구청",서울특별시 종로구 창경궁로11길 3,서울특별시 종로구 예지동 165-2,교통단속,1,200,360도전방면,30,2007-12,02-2148-4301,37.5697235,126.9977834,2018-02-09
"서울특별시 종로구청",서울특별시 종로구 율곡로 184,서울특별시 종로구 원남동 49-16,교통단속,1,200,360도전방면,30,2007-12,02-2148-4301,37.5757568,126.9991619,2018-02-09
"서울특별시 종로구청",서울특별시 종로구 북촌로4길 7,서울특별시 종로구 가회동 210,교통단속,4,200,360도전방면,30,2007-12,02-2148-4301,37.579179,126.985421,2018-02-09
"서울특별시 종로구청",서울특별시 종로구 율곡로3길 87,서울특별시 종로구 소격동 144-2,교통단속,1,200,360도전방면,30,2011-12,02-2148-4301,37.5794343,126.9818277,2018-02-09
"서울특별시 종로구청",서울특별시 종로구 삼봉로 78-1,서울특별시 종로구 청진동 45-2,교통단속,1,200,360도전방면,30,2007-12,02-2148-4301,37.5721355,126.9815198,2018-02-09
"서울특별시 종로구청",서울특별시 종로구 자하문로 69,서울특별시 종로구 옥인동 18,교통단속,1,200,360도전방면,30,2005-04,02-2148-4301,37.582351,126.970507,2018-02-09
"서울특별시 종로구청",서울특별시 종로구 인사동길 47,서울특별시 종로구 관훈동 168,교통단속,1,200,360도전방면,30,2002-11,02-2148-4301,37.574353,126.984331,2018-02-09
"서울특별시 종로구청",서울특별시 종로구 인사동길 40,서울특별시 종로구 관훈동 37,교통단속,1,200,360도전방면,30,2011-12,02-2148-4301,37.5739234,126.9850717,2018-02-09
"서울특별시 종로구청",서울특별시 종로구 인사동길 23-1,서울특별시 종로구 인사동 179-2,교통단속,1,200,360도전방면,30,2002-11,02-2148-4301,37.5729276,126.9862217,2018-02-09
"서울특별시 종로구청",서울특별시 종로구 인사동길 9,서울특별시 종로구 인사동 137-2,교통단속,1,200,360도전방면,30,2002-11,02-2148-4301,37.571732,126.986965,2018-02-09
"서울특별시 종로구청",서울특별시 종로구 돈화문로 56-1,서울특별시 종로구 묘동 121,교통단속,1,200,360도전방면,30,2005-04,02-2148-4301,37.573516,126.991329,2018-02-09
"서울특별시 종로구청",서울특별시 종로구 돈화문로 36-1,서울특별시 종로구 묘동 70-1,교통단속,1,200,360도전방면,30,2005-04,02-2148-4301,37.571724,126.991908,2018-02-09
"서울특별시 종로구청",서울특별시 종로구 돈화문로 9,서울특별시 종로구 관수동 68,교통단속,3,200,360도전방면,30,2007-12,02-2148-4301,37.569362,126.992148,2018-02-09
"서울특별시 종로구청",서울특별시 종로구 김상옥로 71,서울특별시 종로구 충신동 179-10,교통단속,1,200,360도전방면,30,2005-05,02-2148-4301,37.573651,127.005702,2018-02-09
"서울특별시 종로구청",서울특별시 종로구 김상옥로 54,서울특별시 종로구 효제동 273,교통단속,1,200,360도전방면,30,2005-05,02-2148-4301,37.573369,127.003588,2018-02-09
"서울특별시 종로구청",서울특별시 종로구 성균관로 17,서울특별시 종로구 명륜2가 142-2,교통단속,1,200,360도전방면,30,2005-06,02-2148-4301,37.584337,126.997455,2018-02-09
"서울특별시 종로구청",서울특별시 종로구 종로 116-1,서울특별시 종로구 종로3가 115,교통단속,1,200,360도전방면,30,2004-07,02-2148-4301,37.570161,126.990452,2018-02-09
"서울특별시 종로구청",서울특별시 종로구 종로 141-1,서울특별시 종로구 종로3가 37-7,교통단속,1,200,360도전방면,30,2005-05,02-2148-4301,37.570636,126.993323,2018-02-09
"서울특별시 종로구청",서울특별시 종로구 창신길 156,서울특별시 종로구 창신동 609-4,생활방범,3,200,카메라 전면(고정),30,2011-12,02-2148-4301,37.5780949,127.0091405,2018-02-09
"서울특별시 종로구청",서울특별시 종로구 지봉로13길 14,서울특별시 종로구 창신동 6-25,생활방범,2,200,360도전방면,30,2011-04,02-2148-4301,37.578775,127.0146942,2018-02-09
"서울특별시 종로구청",서울특별시 종로구 지봉로13길 14,서울특별시 종로구 창신동 6-25,생활방범,1,41,카메라 전면(고정),30,2011-04,02-2148-4301,37.578775,127.0146942,2018-02-09
"서울특별시 종로구청",서울특별시 종로구 지봉로13가길 69,서울특별시 종로구 창신동 23-739,생활방범,2,200,360도전방면,30,2013-12,02-2148-4301,37.5760031,127.0127913,2018-02-09
"서울특별시 종로구청",서울특별시 종로구 지봉로17길 47,서울특별시 종로구 창신동 13-20,생활방범,2,200,360도전방면,30,2013-12,02-2148-4301,37.579929,127.012989,2018-02-09
"서울특별시 종로구청",서울특별시 종로구 지봉로13길 82,서울특별시 종로구 창신동 23-344,생활방범,2,200,360도전방면,30,2013-12,02-2148-4301,37.5770661,127.0123782,2018-02-09
"서울특별시 종로구청",서울특별시 종로구 지봉로11길 30,서울특별시 종로구 창신동 23-256,생활방범,2,200,360도전방면,30,2013-12,02-2148-4301,37.576915,127.013834,2018-02-09
"서울특별시 종로구청",서울특별시 종로구 지봉로 107,서울특별시 종로구 창신동 20-15,생활방범,2,200,360도전방면,30,2013-12,02-2148-4301,37.5796752,127.0150886,2018-02-09
"서울특별시 종로구청",서울특별시 종로구 종로57길 8-13,서울특별시 종로구 숭인동 133-3,생활방범,2,200,360도전방면,30,2013-12,02-2148-4301,37.5738075,127.0174841,2018-02-09
"서울특별시 종로구청",서울특별시 종로구 지봉로12길 55,서울특별시 종로구 숭인동 56-28,생활방범,3,200,360도전방면,30,2013-12,02-2148-4301,37.5786497,127.016229,2018-02-09
"서울특별시 종로구청",서울특별시 종로구 창신길 156,서울특별시 종로구 창신동 609-4,생활방범,1,130,360도전방면,30,2011-12,02-2148-4301,37.5780949,127.0091405,2018-02-09
"서울특별시 종로구청",서울특별시 종로구 지봉로12가길 9,서울특별시 종로구 숭인동 59,생활방범,3,200,360도전방면,30,2013-12,02-2148-4301,37.5766865,127.0167915,2018-02-09
"서울특별시 종로구청",서울특별시 종로구 지봉로8길 18-1,서울특별시 종로구 숭인동 67-1,생활방범,2,200,360도전방면,30,2013-12,02-2148-4301,37.575525,127.016625,2018-02-09
"서울특별시 종로구청",서울특별시 종로구 지봉로12길 31,서울특별시 종로구 숭인동 57-8,생활방범,2,200,360도전방면,30,2013-12,02-2148-4301,37.5776079,127.016528,2018-02-09
"서울특별시 종로구청",서울특별시 종로구 보문로7길 6,서울특별시 종로구 숭인동 350,생활방범,3,200,360도전방면,30,2013-12,02-2148-4301,37.577678,127.0225939,2018-02-09
"서울특별시 종로구청",서울특별시 종로구 종로63길 15,서울특별시 종로구 숭인동 72-190,생활방범,3,200,360도전방면,30,2013-12,02-2148-4301,37.5747225,127.0185147,2018-02-09
"서울특별시 종로구청",서울특별시 종로구 종로63길 19,서울특별시 종로구 숭인동 72-161,생활방범,1,200,카메라 전면(고정),30,2016-05,02-2148-4301,37.574987,127.018462,2018-02-09
"서울특별시 종로구청",서울특별시 종로구 숭인동1가길 1-5,서울특별시 종로구 숭인동 853,생활방범,2,200,360도전방면,30,2013-12,02-2148-4301,37.5768468,127.0209148,2018-02-09
"서울특별시 종로구청",서울특별시 종로구 숭인동1나길 11,서울특별시 종로구 숭인동 872,생활방범,3,200,360도전방면,30,2013-12,02-2148-4301,37.577224,127.020367,2018-02-09
"서울특별시 종로구청",서울특별시 종로구 종로65길 26,서울특별시 종로구 숭인동 178-61,생활방범,3,200,360도전방면,30,2013-12,02-2148-4301,37.5757189,127.019949,2018-02-09
"서울특별시 종로구청",서울특별시 종로구 종로58길 30,서울특별시 종로구 숭인동 242-1,생활방범,2,200,360도전방면,30,2011-04,02-2148-4301,37.5718063,127.0183927,2018-02-09
"서울특별시 종로구청",서울특별시 종로구 종로58길 30,서울특별시 종로구 숭인동 242-1,생활방범,1,41,카메라 전면(고정),30,2011-04,02-2148-4301,37.5718063,127.0183927,2018-02-09
"서울특별시 종로구청",서울특별시 종로구 종로58길 27,서울특별시 종로구 숭인동 238-2,생활방범,3,200,360도전방면,30,2013-12,02-2148-4301,37.5723581,127.0182618,2018-02-09
"서울특별시 종로구청",서울특별시 종로구 종로 206,서울특별시 종로구 종로5가 138-8,교통단속,1,200,360도전방면,30,2004-07,02-2148-4301,37.5707664,127.0007639,2018-02-09
"서울특별시 종로구청",서울특별시 종로구 종로 230-2,서울특별시 종로구 종로5가 193-1,교통단속,1,200,360도전방면,30,2004-07,02-2148-4301,37.570856,127.003426,2018-02-09
"서울특별시 종로구청",서울특별시 종로구 종로 244-1,서울특별시 종로구 종로5가 231-1,교통단속,1,200,360도전방면,30,2004-07,02-2148-4301,37.570892,127.004876,2018-02-09
"서울특별시 종로구청",서울특별시 종로구 종로 298,서울특별시 종로구 창신동 465,교통단속,1,200,360도전방면,30,2004-07,02-2148-4301,37.571603,127.010982,2018-02-09
"서울특별시 종로구청",서울특별시 종로구 종로52길 12,서울특별시 종로구 창신동 457-3,교통단속,1,200,360도전방면,30,2015-08,02-2148-4301,37.571682,127.013098,2018-02-09
"서울특별시 종로구청",서울특별시 종로구 종로54길 19,서울특별시 종로구 창신동 330-46,교통단속,1,200,360도전방면,30,2015-08,02-2148-4301,37.571487,127.0141395,2018-02-09
"서울특별시 종로구청",서울특별시 종로구 지봉로5길 4,서울특별시 종로구 창신동 81-2,교통단속,1,200,360도전방면,30,2010-07,02-2148-4301,37.5743445,127.015555,2018-02-09
"서울특별시 종로구청",서울특별시 종로구 지봉로 9,서울특별시 종로구 창신동 393-18,교통단속,1,200,360도전방면,30,2007-12,02-2148-4301,37.5708170,127.015704,2018-02-09
"서울특별시 종로구청",서울특별시 종로구 지봉로 70,서울특별시 종로구 숭인동 61-66,교통단속,1,200,360도전방면,30,2007-12,02-2148-4301,37.5761870,127.015667,2018-02-09
"서울특별시 종로구청",서울특별시 종로구 지봉로 20,서울특별시 종로구 숭인동 316-1,교통단속,1,200,360도전방면,30,2007-12,02-2148-4301,37.5718941,127.0158638,2018-02-09
"서울특별시 종로구청",서울특별시 종로구 종로 148-1,서울특별시 종로구 종로3가 163,교통단속,1,200,360도전방면,30,2004-07,02-2148-4301,37.570335,126.994048,2018-02-09
"서울특별시 종로구청",서울특별시 종로구 대학로10길 17,서울특별시 종로구 동숭동 1-67,교통단속,1,41,360도전방면,30,2004-07,02-2148-4301,37.5817767,127.003388,2018-02-09
"서울특별시 종로구청",서울특별시 종로구 대학로8길 7,서울특별시 종로구 동숭동 1-111,교통단속,1,41,360도전방면,30,2004-07,02-2148-4301,37.580846,127.003348,2018-02-09
"서울특별시 종로구청",서울특별시 종로구 대학로10길 11,서울특별시 종로구 동숭동 1-61,교통단속,1,41,360도전방면,30,2004-07,02-2148-4301,37.5817768,127.002932,2018-02-09
"서울특별시 종로구청",서울특별시 종로구 대학로8가길 36,서울특별시 종로구 동숭동 1-57,교통단속,1,41,360도전방면,30,2004-07,02-2148-4301,37.582597,127.002331,2018-02-09
"서울특별시 종로구청",서울특별시 종로구 인사동5길 41,서울특별시 종로구 공평동 1,교통단속,1,200,360도전방면,30,2016-02,02-2148-4301,37.572246,126.984261,2018-02-09
"서울특별시 종로구청",서울특별시 종로구 북촌로 127,서울특별시 종로구 삼청동 28-6,교통단속,1,200,360도전방면,30,2012-07,02-2148-4301,37.586825,126.983524,2018-02-09
"서울특별시 종로구청",서울특별시 종로구 대학로 120,서울특별시 종로구 동숭동 1-27,교통단속,1,41,360도전방면,30,2003-07,02-2148-4301,37.581865,127.002158,2018-02-09
"서울특별시 종로구청",서울특별시 종로구 새문안로9길 9,서울특별시 종로구 신문로1가 7-5,교통단속,1,200,360도전방면,30,2017-08,02-2148-4301,37.570758,126.975946,2018-02-09
"서울특별시 종로구청",서울특별시 종로구 대학로 64,서울특별시 종로구 이화동 149,교통단속,1,200,360도전방면,30,2003-07,02-2148-4301,37.576884,127.002435,2018-02-09
"서울특별시 종로구청",서울특별시 종로구 대학로 93,서울특별시 종로구 연건동 32-2,교통단속,1,200,360도전방면,30,2003-07,02-2148-4301,37.579613,127.001991,2018-02-09
"서울특별시 종로구청",서울특별시 종로구 대학로 156,서울특별시 종로구 혜화동 90-7,교통단속,1,200,360도전방면,30,2013-06,02-2148-4301,37.585361,127.001662,2018-02-09
"서울특별시 종로구청",서울특별시 종로구 대명길 3,서울특별시 종로구 명륜4가 1,교통단속,1,41,360도전방면,30,2003-07,02-2148-4301,37.5833418,127.001499,2018-02-09
"서울특별시 종로구청",서울특별시 종로구 숭인동1길 41,서울특별시 종로구 숭인동 181-162,생활방범,2,200,360도전방면,30,2013-12,02-2148-4301,37.5765725,127.0196408,2018-02-09
"서울특별시 종로구청",서울특별시 종로구 난계로29길 49,서울특별시 종로구 숭인동 201-18,생활방범,3,200,360도전방면,30,2013-12,02-2148-4301,37.573798,127.020395,2018-02-09
"서울특별시 종로구청",서울특별시 종로구 종로58길 40,서울특별시 종로구 숭인동 241-1,생활방범,2,200,360도전방면,30,2013-12,02-2148-4301,37.571539,127.0182960,2018-02-09
"서울특별시 종로구청",서울특별시 종로구 숭인동2길 30,서울특별시 종로구 숭인동 553,생활방범,3,200,360도전방면,30,2013-12,02-2148-4301,37.5781388,127.020228,2018-02-09
"서울특별시 종로구청",서울특별시 종로구 숭인동2길 41,서울특별시 종로구 숭인동 577,생활방범,3,200,360도전방면,30,2013-12,02-2148-4301,37.577793,127.019584,2018-02-09
"서울특별시 종로구청",서울특별시 종로구 숭인동길 40,서울특별시 종로구 숭인동 750,생활방범,3,200,360도전방면,30,2013-12,02-2148-4301,37.5769395,127.0220012,2018-02-09
"서울특별시 종로구청",서울특별시 종로구 종로67길 41,서울특별시 종로구 숭인동 181-127,생활방범,1,130,360도전방면,30,2012-02,02-2148-4301,37.576685,127.0202253,2018-02-09
"서울특별시 종로구청",서울특별시 종로구 종로67길 41,서울특별시 종로구 숭인동 181-127,생활방범,2,200,카메라 전면(고정),30,2012-02,02-2148-4301,37.576685,127.0202253,2018-02-09
"서울특별시 종로구청",서울특별시 종로구 숭인동1길 42-11,서울특별시 종로구 숭인동 181-92,생활방범,2,200,카메라 전면(고정),30,2016-12,02-2148-4301,37.576777,127.020067,2018-02-09
"서울특별시 종로구청",서울특별시 종로구 보문로 3,서울특별시 종로구 숭인동 1248,생활방범,3,200,360도전방면,30,2013-12,02-2148-4301,37.5759281,127.0229556,2018-02-09
"서울특별시 종로구청",서울특별시 종로구 종로63가길 46,서울특별시 종로구 숭인동 179-46,생활방범,2,200,360도전방면,30,2013-12,02-2148-4301,37.576073,127.018852,2018-02-09
"서울특별시 종로구청",서울특별시 종로구 보문로9길 3-6,서울특별시 종로구 숭인동 386,생활방범,3,200,360도전방면,30,2013-12,02-2148-4301,37.5781899,127.0225795,2018-02-09
"서울특별시 종로구청",서울특별시 종로구 종로65길 20-14,서울특별시 종로구 숭인동 178-64,생활방범,1,130,360도전방면,30,2012-02,02-2148-4301,37.575713,127.0206240,2018-02-09
"서울특별시 종로구청",서울특별시 종로구 종로65길 20-14,서울특별시 종로구 숭인동 178-64,생활방범,3,200,카메라 전면(고정),30,2012-02,02-2148-4301,37.575713,127.0206240,2018-02-09
"서울특별시 종로구청",서울특별시 종로구 세검정로 260,서울특별시 종로구 신영동 131-1,생활방범,1,200,360도전방면,30,2013-02,02-2148-4301,37.6016444,126.9612210,2018-02-09
"서울특별시 종로구청",서울특별시 종로구 세검정로 260,서울특별시 종로구 신영동 131-1,생활방범,2,130,카메라 전면(고정),30,2013-02,02-2148-4301,37.6016444,126.9612210,2018-02-09
"서울특별시 종로구청",서울특별시 종로구 평창24길 24,서울특별시 종로구 평창동 108-9,생활방범,1,200,360도전방면,30,2013-02,02-2148-4301,37.6090264,126.9764028,2018-02-09
"서울특별시 종로구청",서울특별시 종로구 평창24길 24,서울특별시 종로구 평창동 108-9,생활방범,2,130,카메라 전면(고정),30,2013-02,02-2148-4301,37.6090264,126.9764028,2018-02-09
"서울특별시 종로구청",서울특별시 종로구 홍지문길 88,서울특별시 종로구 구기동 55-17,생활방범,1,200,360도전방면,30,2013-02,02-2148-4301,37.6060109,126.9576508,2018-02-09
"서울특별시 종로구청",서울특별시 종로구 홍지문길 88,서울특별시 종로구 구기동 55-17,생활방범,2,130,카메라 전면(고정),30,2013-02,02-2148-4301,37.6060109,126.9576508,2018-02-09
"서울특별시 종로구청",서울특별시 종로구 사직로1가길 10,서울특별시 종로구 행촌동 1-83,생활방범,1,200,360도전방면,30,2013-02,02-2148-4301,37.5732944,126.9633656,2018-02-09
"서울특별시 종로구청",서울특별시 종로구 사직로1가길 10,서울특별시 종로구 행촌동 1-83,생활방범,2,130,카메라 전면(고정),30,2013-02,02-2148-4301,37.5732944,126.9633656,2018-02-09
"서울특별시 종로구청",서울특별시 종로구 수표로28길 17,서울특별시 종로구 익선동 166-55,생활방범,1,200,360도전방면,30,2013-02,02-2148-4301,37.5728796,126.9895228,2018-02-09
"서울특별시 종로구청",서울특별시 종로구 혜화로 50,서울특별시 종로구 혜화동 9-11,교통단속,1,41,360도전방면,30,2011-11,02-2148-4301,37.5897702,126.999288,2018-02-09
"서울특별시 종로구청",서울특별시 종로구 율곡로 235,서울특별시 종로구 충신동 52-2,교통단속,1,200,360도전방면,30,2012-07,02-2148-4301,37.575796,127.004999,2018-02-09
"서울특별시 종로구청",서울특별시 종로구 창경궁로 237,서울특별시 종로구 명륜2가 231,교통단속,1,200,360도전방면,30,2012-07,02-2148-4301,37.583066,126.998612,2018-02-09
"서울특별시 종로구청",서울특별시 종로구 새문안로 96,서울특별시 종로구 신문로1가 135-2,교통단속,1,200,360도전방면,30,2012-12,02-2148-4301,37.5699813,126.9755031,2018-02-09
"서울특별시 종로구청",서울특별시 종로구 종로 322,서울특별시 종로구 창신동 352-1,교통단속,1,200,360도전방면,30,2013-06,02-2148-4301,37.572264,127.013519,2018-02-09
"서울특별시 종로구청",서울특별시 종로구 사직로 73,서울특별시 종로구 사직동 228,교통단속,1,200,360도전방면,30,2013-08,02-2148-4301,37.574907,126.967722,2018-02-09
"서울특별시 종로구청",서울특별시 종로구 북악산로 267,서울특별시 종로구 평창동 산 6-17,교통단속,1,200,360도전방면,30,2013-08,02-2148-4301,37.601961,126.9805359,2018-02-09
"서울특별시 종로구청",서울특별시 종로구 종로 347,서울특별시 종로구 숭인동 76,교통단속,1,200,360도전방면,30,2013-12,02-2148-4301,37.573966,127.015773,2018-02-09
"서울특별시 종로구청",서울특별시 종로구 창의문로 51,서울특별시 종로구 청운동 89-143,교통단속,1,200,360도전방면,30,2013-12,02-2148-4301,37.588486,126.972215,2018-02-09
"서울특별시 종로구청",서울특별시 종로구 북촌로15길 23-5,서울특별시 종로구 삼청동 28-7,교통단속,1,200,360도전방면,30,2013-12,02-2148-4301,37.585919,126.983717,2018-02-09
"서울특별시 종로구청",서울특별시 종로구 혜화로 63,서울특별시 종로구 명륜1가 1,교통단속,1,41,360도전방면,30,2005-05,02-2148-4301,37.591985,126.999253,2018-02-09
"서울특별시 종로구청",서울특별시 종로구 창의문로5가길 1,서울특별시 종로구 부암동 329-24,교통단속,1,200,360도전방면,30,2014-08,02-2148-4301,37.591651,126.963641,2018-02-09
"서울특별시 종로구청",서울특별시 종로구 창의문로 149,서울특별시 종로구 부암동 278-5,교통단속,1,200,360도전방면,30,2014-09,02-2148-4301,37.593134,126.963797,2018-02-09
"서울특별시 종로구청",서울특별시 종로구 자하문로 235,서울특별시 종로구 부암동 203-4,교통단속,1,200,360도전방면,30,2014-08,02-2148-4301,37.595247,126.963534,2018-02-09
"서울특별시 종로구청",서울특별시 종로구 세검정로6길 51-4,서울특별시 종로구 신영동 140-1,재난재해,1,200,360도전방면,30,2014-07,02-2148-4301,37.600281,126.961883,2018-02-09
"서울특별시 종로구청",서울특별시 종로구 세검정로9길 1,서울특별시 종로구 신영동 219-4,재난재해,1,200,360도전방면,30,2014-07,02-2148-4301,37.603375,126.9620139,2018-02-09
"서울특별시 종로구청",서울특별시 종로구 세검정로,서울특별시 종로구 홍지동 72-7,재난재해,1,200,360도전방면,30,2016-11,02-2148-4301,37.600282,126.957949,2018-02-09
"서울특별시 종로구청",서울특별시 종로구 자하문로28가길 8,서울특별시 종로구 청운동 89-20,생활방범,2,200,360도전방면,30,2013-02,02-2148-4301,37.5858399,126.9716678,2018-02-09
"서울특별시 종로구청",서울특별시 종로구 수표로20길 13,서울특별시 종로구 종로3가 110,생활방범,1,200,360도전방면,30,2013-02,02-2148-4301,37.569941,126.990356,2018-02-09
"서울특별시 종로구청",서울특별시 종로구 수표로20길 13,서울특별시 종로구 종로3가 110,생활방범,1,130,카메라 전면(고정),30,2013-02,02-2148-4301,37.569941,126.990356,2018-02-09
"서울특별시 종로구청",서울특별시 종로구 대학로11길 27,서울특별시 종로구 명륜4가 80-1,다목적,2,200,360도전방면,30,2013-02,02-2148-4301,37.5820976,127.0000597,2018-02-09
"서울특별시 종로구청",서울특별시 종로구 대학로11길 27,서울특별시 종로구 명륜4가 80-1,다목적,2,130,카메라 전면(고정),30,2013-02,02-2148-4301,37.5820976,127.0000597,2018-02-09
"서울특별시 종로구청",서울특별시 종로구 지봉로 85-64,서울특별시 종로구 창신동 23-87,생활방범,1,200,360도전방면,30,2013-02,02-2148-4301,37.5774038,127.0147411,2018-02-09
"서울특별시 종로구청",서울특별시 종로구 지봉로 85-64,서울특별시 종로구 창신동 23-87,생활방범,2,130,카메라 전면(고정),30,2013-02,02-2148-4301,37.5774038,127.0147411,2018-02-09
"서울특별시 종로구청",서울특별시 종로구 지봉로14길 6,서울특별시 종로구 숭인동 53-24,생활방범,1,200,360도전방면,30,2013-02,02-2148-4301,37.5780899,127.0157752,2018-02-09
"서울특별시 종로구청",서울특별시 종로구 지봉로14길 6,서울특별시 종로구 숭인동 53-24,생활방범,2,130,카메라 전면(고정),30,2013-02,02-2148-4301,37.5780899,127.0157752,2018-02-09
"서울특별시 종로구청",서울특별시 종로구 종로62길 10,서울특별시 종로구 숭인동 227-7,생활방범,1,200,360도전방면,30,2013-02,02-2148-4301,37.573382,127.019125,2018-02-09
"서울특별시 종로구청",서울특별시 종로구 수표로28길 17,서울특별시 종로구 익선동 166-55,생활방범,1,130,카메라 전면(고정),30,2013-02,02-2148-4301,37.5728796,126.9895228,2018-02-09
"서울특별시 종로구청",서울특별시 종로구 종로62길 10,서울특별시 종로구 숭인동 227-7,생활방범,2,130,카메라 전면(고정),30,2013-02,02-2148-4301,37.573382,127.019125,2018-02-09
"서울특별시 종로구청",서울특별시 종로구 동숭길 101,서울특별시 종로구 동숭동 1-83,생활방범,1,200,360도전방면,30,2013-02,02-2148-4301,37.582684,127.0039087,2018-02-09
"서울특별시 종로구청",서울특별시 종로구 동숭길 101,서울특별시 종로구 동숭동 1-83,생활방범,1,130,카메라 전면(고정),30,2013-02,02-2148-4301,37.582684,127.0039087,2018-02-09
"서울특별시 종로구청",서울특별시 종로구 창신길 12,서울특별시 종로구 창신동 56,생활방범,1,200,360도전방면,30,2013-02,02-2148-4301,37.5722637,127.0107339,2018-02-09
"서울특별시 종로구청",서울특별시 종로구 창신길 12,서울특별시 종로구 창신동 56,생활방범,1,130,카메라 전면(고정),30,2013-02,02-2148-4301,37.5722637,127.0107339,2018-02-09
"서울특별시 종로구청",서울특별시 종로구 통일로16길 3,서울특별시 종로구 무악동 67-1,생활방범,4,200,360도전방면,30,2013-12,02-2148-4301,37.5756754,126.957208,2018-02-09
"서울특별시 종로구청",서울특별시 종로구 통일로12길 58-2,서울특별시 종로구 행촌동 210-118,생활방범,4,200,360도전방면,30,2013-12,02-2148-4301,37.5747974,126.9618712,2018-02-09
"서울특별시 종로구청",서울특별시 종로구 필운대로 23,서울특별시 종로구 누하동 251,생활방범,3,200,360도전방면,30,2013-12,02-2148-4301,37.5781263,126.9692999,2018-02-09
"서울특별시 종로구청",서울특별시 종로구 옥인6길 54,서울특별시 종로구 누상동 166-251,생활방범,4,200,360도전방면,30,2013-12,02-2148-4301,37.5798331,126.964863,2018-02-09
"서울특별시 종로구청",서울특별시 종로구 창의문로5길 59,서울특별시 종로구 부암동 338-29,생활방범,3,200,360도전방면,30,2013-12,02-2148-4301,37.5896975,126.9639306,2018-02-09
"서울특별시 종로구청",서울특별시 종로구 평창12길 8-15,서울특별시 종로구 평창동 166,생활방범,4,200,360도전방면,30,2013-12,02-2148-4301,37.6067505,126.9682717,2018-02-09
"서울특별시 종로구청",서울특별시 종로구 비봉길 15,서울특별시 종로구 구기동 150,생활방범,4,200,360도전방면,30,2013-12,02-2148-4301,37.609918,126.956509,2018-02-09
"서울특별시 종로구청",서울특별시 종로구 종로44길 29,서울특별시 종로구 창신동 430-9,생활방범,3,200,360도전방면,30,2013-12,02-2148-4301,37.5706895,127.0118791,2018-02-09
"서울특별시 종로구청",서울특별시 종로구 돈화문로9길 26,서울특별시 종로구 돈의동 78,생활방범,3,200,360도전방면,30,2013-12,02-2148-4301,37.5717116,126.9905308,2018-02-09
"서울특별시 종로구청",서울특별시 종로구 자하문로36길 16,서울특별시 종로구 청운동 15,생활방범,3,200,360도전방면,30,2013-12,02-2148-4301,37.5902682,126.9683383,2018-02-09
"서울특별시 종로구청",서울특별시 종로구 자하문로 3,서울특별시 종로구 내자동 1-3,생활방범,3,200,360도전방면,30,2013-12,02-2148-4301,37.576533,126.972396,2018-02-09
"서울특별시 종로구청",서울특별시 종로구 율곡로3길 49,서울특별시 종로구 송현동 34,생활방범,3,200,360도전방면,30,2013-12,02-2148-4301,37.5772909,126.9824854,2018-02-09
"서울특별시 종로구청",서울특별시 종로구 세검정로9길 51,서울특별시 종로구 신영동 234-3,생활방범,3,200,360도전방면,30,2013-12,02-2148-4301,37.6052618,126.9601809,2018-02-09
"서울특별시 종로구청",서울특별시 종로구 창덕궁3길 33,서울특별시 종로구 원서동 76-47,생활방범,3,200,360도전방면,30,2013-12,02-2148-4301,37.5824463,126.9884267,2018-02-09
"서울특별시 종로구청",서울특별시 종로구 종로11길 9-20,서울특별시 종로구 인사동 243,생활방범,3,200,360도전방면,30,2013-12,02-2148-4301,37.5709003,126.9849533,2018-02-09
"서울특별시 종로구청",서울특별시 종로구 수표로26길 22,서울특별시 종로구 돈의동 103-27,생활방범,3,200,360도전방면,30,2013-12,02-2148-4301,37.572288,126.990321,2018-02-09
"서울특별시 종로구청",서울특별시 종로구 율곡로23길 1,서울특별시 종로구 충신동 35-14,생활방범,3,200,360도전방면,30,2013-12,02-2148-4301,37.5750473,127.0060536,2018-02-09
"서울특별시 종로구청",서울특별시 종로구 성균관로5길 29,서울특별시 종로구 명륜3가 72-7,생활방범,4,200,360도전방면,30,2013-12,02-2148-4301,37.5846265,126.9959455,2018-02-09
"서울특별시 종로구청",서울특별시 종로구 지봉로11길 13,서울특별시 종로구 창신동 128-23,생활방범,3,200,360도전방면,30,2013-12,02-2148-4301,37.576778,127.014604,2018-02-09
"서울특별시 종로구청",서울특별시 종로구 동숭4가길 7,서울특별시 종로구 동숭동 2-22,생활방범,3,200,360도전방면,30,2013-12,02-2148-4301,37.583598,127.004093,2018-02-09
"서울특별시 종로구청",서울특별시 종로구 대학로5길 16,서울특별시 종로구 연건동 93-13,생활방범,3,200,360도전방면,30,2013-12,02-2148-4301,37.5785406,127.0011013,2018-02-09
"서울특별시 종로구청",서울특별시 종로구 창경궁로35가길 22,서울특별시 종로구 혜화동 71-20,생활방범,4,200,360도전방면,30,2013-12,02-2148-4301,37.5874325,127.0007155,2018-02-09
"서울특별시 종로구청",서울특별시 종로구 혜화로12길 24,서울특별시 종로구 혜화동 6-20,생활방범,4,200,360도전방면,30,2013-12,02-2148-4301,37.5900394,127.0001129,2018-02-09
"서울특별시 종로구청",서울특별시 종로구 창신8길 42-2,서울특별시 종로구 창신동 23-619,생활방범,3,200,360도전방면,30,2013-12,02-2148-4301,37.577618,127.0109198,2018-02-09
"서울특별시 종로구청",서울특별시 종로구 지봉로14길 37,서울특별시 종로구 숭인동 49-1,생활방범,3,200,360도전방면,30,2013-12,02-2148-4301,37.5792075,127.016477,2018-02-09
"서울특별시 종로구청",서울특별시 종로구 종로 368,서울특별시 종로구 숭인동 221,생활방범,3,200,360도전방면,30,2013-12,02-2148-4301,37.573631,127.018361,2018-02-09
"서울특별시 종로구청",서울특별시 종로구 자하문로21길 10,서울특별시 종로구 신교동 17-3,생활방범,3,200,360도전방면,30,2014-12,02-2148-4301,37.5831699,126.969674,2018-02-09
"서울특별시 종로구청",서울특별시 종로구 자하문로1나길 3-2,서울특별시 종로구 체부동 188,생활방범,3,200,360도전방면,30,2014-12,02-2148-4301,37.576792,126.971567,2018-02-09
"서울특별시 종로구청",서울특별시 종로구 북촌로1길 28,서울특별시 종로구 안국동 75-5,생활방범,3,200,360도전방면,30,2014-12,02-2148-4301,37.5772561,126.984081,2018-02-09
"서울특별시 종로구청",서울특별시 종로구 창의문로5다길 22-2,서울특별시 종로구 부암동 342-6,생활방범,3,200,360도전방면,30,2014-12,02-2148-4301,37.5888856,126.962786,2018-02-09
"서울특별시 종로구청",서울특별시 종로구 통일로 266,서울특별시 종로구 무악동 63-9,생활방범,3,200,360도전방면,30,2014-12,02-2148-4301,37.576094,126.956799,2018-02-09
"서울특별시 종로구청",서울특별시 종로구 사직로1길 47,서울특별시 종로구 행촌동 210-196,생활방범,4,200,360도전방면,30,2014-12,02-2148-4301,37.574193,126.961832,2018-02-09
"서울특별시 종로구청",서울특별시 종로구 북촌로6길 13-2,서울특별시 종로구 가회동 192,생활방범,3,200,360도전방면,30,2014-12,02-2148-4301,37.5802588,126.9857223,2018-02-09
"서울특별시 종로구청",서울특별시 종로구 종로18길 21,서울특별시 종로구 관수동 52-1,생활방범,3,200,360도전방면,30,2014-12,02-2148-4301,37.569303,126.991397,2018-02-09
"서울특별시 종로구청",서울특별시 종로구 창경궁로16길 26,서울특별시 종로구 연지동 110-1,생활방범,3,200,360도전방면,30,2014-12,02-2148-4301,37.5743723,126.9990035,2018-02-09
"서울특별시 종로구청",서울특별시 종로구 동숭4라길 9,서울특별시 종로구 동숭동 4-69,생활방범,3,200,360도전방면,30,2014-12,02-2148-4301,37.584029,127.005804,2018-02-09
"서울특별시 종로구청",서울특별시 종로구 명륜길 2,서울특별시 종로구 명륜1가 15,생활방범,4,200,360도전방면,30,2014-12,02-2148-4301,37.587797,126.996615,2018-02-09
"서울특별시 종로구청",서울특별시 종로구 대학로14길 17,서울특별시 종로구 혜화동 163-33,생활방범,3,200,360도전방면,30,2014-12,02-2148-4301,37.584109,127.002574,2018-02-09
"서울특별시 종로구청",서울특별시 종로구 창신5라길 23-2,서울특별시 종로구 창신동 138-85,생활방범,4,200,360도전방면,30,2014-12,02-2148-4301,37.574158,127.013057,2018-02-09
"서울특별시 종로구청",서울특별시 종로구 창신8길 3,서울특별시 종로구 창신동 596-12,생활방범,4,200,360도전방면,30,2014-12,02-2148-4301,37.576761,127.010203,2018-02-09
"서울특별시 종로구청",서울특별시 종로구 평창8길 12,서울특별시 종로구 평창동 270,생활방범,3,200,360도전방면,30,2014-12,02-2148-4301,37.604114,126.966337,2018-02-09
"서울특별시 종로구청",서울특별시 종로구 지봉로13가길 35,서울특별시 종로구 창신동 23-694,생활방범,3,200,360도전방면,30,2014-12,02-2148-4301,37.577412,127.013221,2018-02-09
"서울특별시 종로구청",서울특별시 종로구 종로57길 22,서울특별시 종로구 숭인동 72-47,생활방범,3,200,360도전방면,30,2014-12,02-2148-4301,37.574198,127.016569,2018-02-09
"서울특별시 종로구청",서울특별시 종로구 난계로25길 68,서울특별시 종로구 숭인동 232-15,생활방범,4,200,360도전방면,30,2014-12,02-2148-4301,37.5719447,127.019333,2018-02-09
"서울특별시 종로구청",서울특별시 종로구 경희궁길 10-2,서울특별시 종로구 신문로2가 1-241,생활방범,2,200,360도전방면,30,2015-12,02-2148-4301,37.571228,126.971964,2018-02-09
"서울특별시 종로구청",서울특별시 종로구 경희궁1길 1,서울특별시 종로구 신문로2가 1-153,생활방범,1,200,카메라 전면(고정),30,2015-12,02-2148-4301,37.570626,126.971932,2018-02-09
"서울특별시 종로구청",서울특별시 종로구 창의문로11길 20,서울특별시 종로구 부암동 370-1,생활방범,3,200,360도전방면,30,2015-12,02-2148-4301,37.593637,126.961641,2018-02-09
"서울특별시 종로구청",서울특별시 종로구 창의문로5가길 18,서울특별시 종로구 부암동 323,생활방범,3,200,360도전방면,30,2015-12,02-2148-4301,37.590436,126.962551,2018-02-09
"서울특별시 종로구청",서울특별시 종로구 통일로12길 16-20,서울특별시 종로구 행촌동 206-14,생활방범,2,200,360도전방면,30,2015-12,02-2148-4301,37.572896,126.961063,2018-02-09
"서울특별시 종로구청",서울특별시 종로구 창경궁로21길 9,서울특별시 종로구 원남동 244-7,생활방범,3,200,360도전방면,30,2015-12,02-2148-4301,37.575096,126.996854,2018-02-09
"서울특별시 종로구청",서울특별시 종로구 종로35가길 7-15,서울특별시 종로구 효제동 214,생활방범,2,200,360도전방면,30,2015-12,02-2148-4301,37.572493,127.004357,2018-02-09
"서울특별시 종로구청",서울특별시 종로구 낙산3길 27,서울특별시 종로구 동숭동 201-33,생활방범,2,200,360도전방면,30,2015-12,02-2148-4301,37.579381,127.006346,2018-02-09
"서울특별시 종로구청",서울특별시 종로구 창경궁로31길 24,서울특별시 종로구 명륜2가 159-2,생활방범,2,200,360도전방면,30,2015-12,02-2148-4301,37.584219,126.998501,2018-02-09
